,,,49.7%,1,2,3,4,5,6,7,8,9,10,11,12,13,14,15,16,17,18,19,20,21,22,23,24,25
Student ID,Student Name,Test Score %,Points Earned/Points Possible,51.7%,50.4%,49.8%,49.7%,52.1%,48.2%,48.4%,49.5%,52.3%,51.7%,50.3%,47.4%,51.2%,49.9%,49.7%,46.0%,49.2%,50.9%,50.1%,49.2%,50.0%,49.8%,49.6%,48.3%,49.9%
280352,"Atall, Nobody",,47.1%,1,1,1,0,1,0,0,0,1,1,1,0,1,1,0,1,1,0,0,0,1,1,0,2,1
580947,"Body, Some",,41.2%,0,1,1,0,0,0,0,0,1,0,0,0,1,0,0,1,1,0,1,1,1,0,2,0,3
308560,"Else, Somebody",,44.1%,0,0,0,1,0,1,0,1,0,1,0,0,1,0,1,0,1,1,1,0,0,0,2,2,2
142448,"Atall, Nobody",,55.9%,0,0,0,1,1,1,0,1,1,1,1,0,1,1,0,1,1,0,0,0,0,1,0,4,3
252985,"Body, Some",,38.2%,1,0,0,0,0,0,1,1,0,0,0,1,1,0,0,1,0,1,0,1,0,0,2,1,2
899585,"Else, Somebody",,41.2%,1,0,1,1,1,0,1,1,0,0,0,0,0,0,1,1,0,1,1,0,0,1,2,0,1
703837,"Atall, Nobody",,52.9%,0,1,0,0,0,0,1,1,1,1,1,0,1,0,1,1,1,0,0,1,1,0,1,4,1
477520,"Body, Some",,58.8%,0,1,0,0,1,0,0,1,0,0,1,1,1,1,1,1,1,1,1,1,0,0,1,3,3
471081,"Else, Somebody",,50.0%,0,1,1,0,0,1,0,0,0,1,1,1,0,1,0,0,0,0,1,1,1,1,3,1,2
461971,"Atall, Nobody",,41.2%,1,0,1,0,1,0,0,0,1,0,0,1,0,0,1,0,1,1,1,1,0,0,1,2,1
780297,"Body, Some",,61.8%,1,0,0,0,1,0,1,0,1,0,1,1,0,0,1,1,1,1,1,0,0,0,3,4,3
445633,"Else, Somebody",,50.0%,0,1,1,1,0,1,0,0,0,1,1,0,0,1,1,1,1,1,0,1,1,0,3,1,0
330223,"Atall, Nobody",,35.3%,0,1,0,0,0,0,0,1,1,0,0,0,0,0,1,0,0,1,0,1,1,0,1,2,2
366721,"Body, Some",,58.8%,1,1,1,0,1,1,0,1,0,1,0,1,0,1,1,1,0,1,0,1,0,1,2,2,2
557953,"Else, Somebody",,41.2%,0,0,0,0,0,0,0,0,1,1,0,0,0,1,0,1,0,1,1,0,0,0,2,3,3
756680,"Atall, Nobody",,47.1%,0,1,0,0,1,0,0,1,0,1,0,1,0,0,0,0,1,0,0,1,1,0,3,3,2
867979,"Body, Some",,55.9%,0,0,0,1,0,0,0,1,1,1,0,0,0,1,1,1,1,1,1,1,1,0,3,3,1
297970,"Else, Somebody",,64.7%,0,1,0,0,1,1,1,1,1,1,1,1,1,0,1,1,0,1,0,1,1,1,4,0,2
656467,"Atall, Nobody",,52.9%,0,0,1,0,1,0,1,1,1,0,1,0,1,1,1,0,1,1,0,1,0,0,4,0,2
851292,"Body, Some",,55.9%,0,1,0,1,1,0,0,0,1,1,0,1,1,0,1,1,0,1,0,0,1,1,3,3,1
699097,"Else, Somebody",,29.4%,0,0,1,0,0,1,1,0,1,0,0,1,0,0,1,0,0,0,0,0,1,1,0,0,2
848446,"Atall, Nobody",,44.1%,0,0,1,1,1,0,0,0,0,1,0,0,0,1,1,1,1,1,0,0,1,0,3,0,2
629718,"Body, Some",,52.9%,0,0,0,1,1,0,0,1,0,1,1,1,1,1,0,1,1,0,1,0,0,0,1,3,3
498886,"Else, Somebody",,44.1%,1,0,0,1,1,0,0,1,1,1,0,1,1,0,1,0,0,0,1,0,0,1,1,1,2
249488,"Atall, Nobody",,44.1%,1,1,0,1,0,0,0,1,0,1,0,0,0,1,0,1,1,1,1,1,1,1,0,1,1
208529,"Body, Some",,55.9%,1,0,0,1,0,1,0,0,1,0,1,1,1,0,1,0,0,0,1,1,0,1,3,2,3
421993,"Else, Somebody",,38.2%,1,1,0,1,1,0,0,1,0,0,0,0,1,0,0,0,0,1,1,0,1,1,1,1,1
427569,"Atall, Nobody",,50.0%,1,0,0,1,0,0,1,1,0,0,1,0,0,0,1,1,1,1,1,1,1,1,1,1,2
342783,"Body, Some",,41.2%,0,0,1,0,1,1,1,0,0,0,1,0,0,1,0,0,0,0,0,0,0,0,3,4,1
484551,"Else, Somebody",,58.8%,0,0,1,0,1,0,0,0,1,0,0,1,0,1,1,1,1,1,0,1,0,1,2,3,4
358713,"Atall, Nobody",,52.9%,1,1,0,0,0,1,0,0,0,1,0,1,1,1,1,0,1,0,1,1,1,0,0,4,2
676291,"Body, Some",,67.6%,1,0,0,1,1,1,1,0,0,0,1,1,1,1,1,1,1,1,0,1,0,1,4,0,4
848362,"Else, Somebody",,41.2%,0,1,0,1,0,0,0,0,1,0,1,0,0,0,0,0,1,1,0,0,1,0,4,2,1
902632,"Atall, Nobody",,50.0%,0,0,0,1,0,0,0,1,1,0,1,0,1,0,1,1,0,1,1,0,1,0,2,2,3
804108,"Body, Some",,52.9%,1,0,0,0,0,1,0,0,0,1,1,1,0,0,1,1,1,0,1,1,1,1,3,2,1
119064,"Else, Somebody",,50.0%,0,0,1,0,1,1,1,0,1,1,0,0,1,1,1,0,0,0,0,1,0,1,1,1,4
383812,"Atall, Nobody",,41.2%,0,1,0,1,1,1,1,1,0,0,0,1,0,0,0,1,1,0,1,0,0,1,0,0,3
302800,"Body, Some",,52.9%,0,1,0,1,0,0,0,1,0,1,0,0,1,1,1,0,0,0,1,1,1,1,3,3,1
964064,"Else, Somebody",,70.6%,1,1,1,1,1,0,1,0,0,1,1,1,0,0,1,1,1,0,1,1,1,1,3,1,4
754769,"Atall, Nobody",,55.9%,1,1,1,1,0,0,1,1,1,1,1,1,0,1,1,0,0,1,0,1,0,1,0,3,1
949665,"Body, Some",,38.2%,0,0,0,0,1,1,0,0,1,0,0,0,0,1,1,0,1,1,0,0,1,0,3,1,1
831279,"Else, Somebody",,38.2%,1,1,0,0,1,1,1,0,1,0,0,0,1,0,1,1,0,1,1,0,0,1,1,0,0
368491,"Atall, Nobody",,47.1%,0,0,0,0,0,1,1,0,1,1,0,1,0,0,1,0,0,1,1,0,0,1,3,1,3
646550,"Body, Some",,52.9%,1,1,1,0,1,0,0,1,1,1,1,0,0,0,1,1,0,0,0,1,1,0,2,2,2
976342,"Else, Somebody",,38.2%,1,0,0,0,1,1,0,0,0,1,0,0,1,0,1,1,1,0,0,0,1,1,1,1,1
591954,"Atall, Nobody",,70.6%,1,1,1,1,1,0,0,1,1,1,1,1,1,1,1,0,1,1,0,0,0,1,1,3,4
239206,"Body, Some",,50.0%,1,1,1,0,0,0,1,1,0,0,1,1,1,0,0,0,0,0,1,0,1,1,0,2,4
673359,"Else, Somebody",,61.8%,0,1,1,1,1,0,1,0,0,1,0,0,0,1,0,0,1,0,1,1,1,0,4,3,3
586697,"Atall, Nobody",,52.9%,1,1,0,0,0,1,1,0,1,0,1,1,1,1,0,1,0,1,0,0,0,0,2,2,3
225584,"Body, Some",,58.8%,1,0,0,1,1,1,1,0,1,1,0,1,0,1,1,1,0,0,1,1,1,1,1,1,3
342909,"Else, Somebody",,50.0%,1,0,0,0,0,1,0,1,0,1,1,1,1,1,1,1,1,0,1,0,0,0,0,3,2
774532,"Atall, Nobody",,58.8%,1,1,0,1,0,0,1,1,1,1,0,0,1,0,0,1,0,1,0,0,1,1,1,4,3
674488,"Body, Some",,47.1%,0,1,0,1,1,0,1,0,1,1,1,1,1,1,0,0,1,0,0,0,1,1,1,1,1
298623,"Else, Somebody",,41.2%,0,0,0,1,0,1,0,1,1,1,0,1,1,1,0,0,1,0,1,0,0,0,1,1,2
657567,"Atall, Nobody",,55.9%,1,1,1,0,1,0,1,1,1,1,1,1,1,1,1,0,0,0,1,1,0,0,1,1,2
225178,"Body, Some",,67.6%,0,1,1,0,1,1,1,1,1,0,1,1,1,0,1,0,0,1,0,1,0,1,3,4,2
381599,"Else, Somebody",,55.9%,1,0,1,0,1,0,0,1,0,1,1,0,0,1,0,1,0,1,1,1,0,0,4,1,3
133989,"Atall, Nobody",,55.9%,1,0,0,1,1,1,0,0,1,1,1,0,1,1,1,0,0,1,1,0,1,0,4,2,0
493061,"Body, Some",,58.8%,1,1,1,0,0,1,1,0,0,1,1,1,1,0,1,1,1,0,1,1,0,0,4,1,1
762128,"Else, Somebody",,58.8%,0,0,0,1,1,1,1,0,1,1,1,0,1,0,1,1,0,1,1,1,1,0,0,2,4
165134,"Atall, Nobody",,41.2%,1,1,0,0,0,1,0,1,0,0,0,1,1,0,1,0,0,0,1,1,0,0,1,3,1
205551,"Body, Some",,64.7%,1,1,0,0,1,1,1,1,1,1,1,0,0,1,0,1,1,0,1,1,1,0,3,1,3
892255,"Else, Somebody",,29.4%,1,0,0,1,1,0,0,0,0,0,0,0,0,0,0,0,1,0,1,0,0,0,2,0,3
458648,"Atall, Nobody",,61.8%,1,1,0,0,0,1,1,1,1,1,1,1,0,1,1,1,1,1,0,1,0,1,2,0,3
852227,"Body, Some",,58.8%,0,0,1,0,1,0,0,1,1,1,0,0,1,1,1,1,1,1,1,1,1,1,2,3,0
127753,"Else, Somebody",,50.0%,1,1,0,1,1,1,1,1,1,0,1,1,0,1,0,0,0,1,0,0,1,0,1,1,2
783413,"Atall, Nobody",,61.8%,1,0,1,0,0,1,0,0,0,1,1,1,0,1,0,1,1,1,0,0,0,1,2,4,4
470773,"Body, Some",,52.9%,1,0,0,1,1,1,0,0,0,0,0,1,0,1,0,0,1,1,1,1,0,1,1,3,3
183563,"Else, Somebody",,61.8%,1,1,0,1,1,1,0,0,1,1,1,0,1,0,1,1,1,1,0,1,1,1,3,1,1
566573,"Atall, Nobody",,47.1%,1,0,1,1,0,0,1,1,1,1,0,0,1,1,0,0,1,0,1,0,1,0,0,1,3
176448,"Body, Some",,41.2%,1,0,1,0,0,1,0,1,0,0,0,1,0,1,0,1,0,1,0,0,0,0,2,3,1
942024,"Else, Somebody",,64.7%,1,0,1,1,0,0,1,0,1,1,1,1,0,1,1,1,0,0,1,1,0,1,4,1,3
635882,"Atall, Nobody",,64.7%,1,0,1,1,1,0,0,0,1,1,0,0,1,0,0,0,1,1,1,0,1,0,4,3,4
660848,"Body, Some",,58.8%,0,1,0,1,0,1,1,0,1,1,0,1,0,0,0,1,1,1,1,1,1,0,2,3,2
900532,"Else, Somebody",,35.3%,0,1,1,0,1,0,0,1,0,1,0,1,0,0,1,1,1,0,0,0,0,1,0,1,1
708320,"Atall, Nobody",,58.8%,0,1,0,1,0,1,0,0,0,0,0,1,1,1,1,1,1,1,1,1,1,1,1,2,3
345403,"Body, Some",,52.9%,1,1,1,1,1,1,0,1,1,1,1,1,0,0,0,0,0,0,0,1,0,1,1,3,1
857611,"Else, Somebody",,38.2%,0,0,0,1,0,1,1,0,1,0,1,0,1,0,0,0,0,1,0,1,0,1,1,1,2
131470,"Atall, Nobody",,47.1%,0,0,1,0,1,1,0,0,0,0,0,1,0,0,1,0,1,1,0,1,1,1,2,2,2
939645,"Body, Some",,44.1%,1,0,1,1,0,1,0,1,1,0,0,1,0,1,1,0,1,0,1,0,1,1,0,2,0
209365,"Else, Somebody",,47.1%,1,0,0,1,0,1,1,0,0,0,0,1,0,1,0,1,1,1,0,1,1,0,3,1,1
326783,"Atall, Nobody",,47.1%,0,0,1,0,1,0,0,0,0,0,1,0,1,1,1,0,1,1,0,1,0,0,3,1,3
509263,"Body, Some",,50.0%,0,0,1,1,1,0,1,0,1,1,0,1,1,1,1,0,0,0,1,0,1,0,1,2,2
819684,"Else, Somebody",,38.2%,1,0,1,1,0,1,0,0,1,0,0,1,0,0,1,0,0,0,0,0,1,0,2,1,2
567576,"Atall, Nobody",,38.2%,0,1,1,1,0,1,1,0,0,1,0,0,0,0,0,0,0,0,1,0,0,0,2,3,1
205558,"Body, Some",,41.2%,1,1,0,1,0,0,1,1,0,0,1,0,0,0,0,1,1,0,0,0,0,1,4,0,1
276397,"Else, Somebody",,41.2%,1,0,1,0,0,0,1,0,1,0,0,1,0,0,1,1,0,0,0,1,1,0,0,1,4
224786,"Atall, Nobody",,52.9%,1,0,1,0,1,1,0,0,1,0,0,0,1,0,0,0,1,0,1,0,1,1,4,4,0
512162,"Body, Some",,50.0%,0,1,0,1,0,0,1,0,1,0,0,1,1,1,0,0,0,0,1,1,1,0,4,0,3
318617,"Else, Somebody",,61.8%,1,0,1,0,1,0,0,0,0,1,1,1,1,1,1,1,0,0,1,1,1,1,1,3,3
620254,"Atall, Nobody",,52.9%,1,0,1,1,0,0,1,0,0,0,0,0,1,1,1,1,0,0,0,0,1,0,3,4,2
358118,"Body, Some",,70.6%,1,1,0,0,1,1,0,1,1,1,0,1,1,1,0,1,1,1,0,1,1,1,3,2,3
974120,"Else, Somebody",,38.2%,0,0,1,1,0,0,0,1,0,0,1,0,1,0,0,0,0,0,1,0,0,1,1,3,2
973794,"Atall, Nobody",,50.0%,0,0,1,0,1,1,1,1,1,0,1,0,0,1,0,1,0,1,1,0,1,1,2,2,0
536113,"Body, Some",,55.9%,1,0,0,0,1,1,1,0,1,0,1,0,1,1,1,1,0,1,0,0,1,1,1,1,4
813758,"Else, Somebody",,50.0%,1,1,0,0,0,1,0,0,1,0,1,0,0,1,0,1,1,0,1,0,0,1,4,3,0
960487,"Atall, Nobody",,44.1%,1,0,1,0,1,0,1,0,1,0,0,0,1,0,0,1,1,1,0,1,0,0,1,1,3
318798,"Body, Some",,50.0%,1,1,1,1,0,0,0,1,0,0,1,1,0,1,1,1,1,0,0,1,0,0,1,2,2
777878,"Else, Somebody",,58.8%,0,1,0,0,1,0,0,0,0,1,1,0,1,0,1,1,1,1,0,0,1,0,3,3,4
895848,"Atall, Nobody",,38.2%,1,0,0,0,1,0,0,0,0,1,1,0,0,0,0,1,0,1,1,1,0,0,2,2,1
634690,"Body, Some",,44.1%,0,0,1,0,0,1,1,1,1,0,0,1,0,0,1,0,1,1,1,0,0,1,1,2,1
834442,"Else, Somebody",,55.9%,1,1,0,1,0,1,1,0,0,1,0,0,1,0,1,1,1,0,0,1,0,1,2,2,3
159718,"Atall, Nobody",,44.1%,0,1,0,0,0,1,1,0,1,0,1,0,0,1,1,1,1,1,0,0,0,1,2,0,2
332125,"Body, Some",,52.9%,0,1,0,1,0,0,1,0,0,1,1,1,1,1,1,0,0,0,1,0,0,0,2,2,4
565521,"Else, Somebody",,55.9%,1,0,1,1,0,0,0,1,0,0,1,1,1,1,0,1,1,1,1,0,1,0,1,2,3
840282,"Atall, Nobody",,73.5%,0,0,1,1,1,1,1,0,1,1,0,0,0,1,1,1,0,0,0,1,1,1,4,4,4
145197,"Body, Some",,41.2%,0,0,0,0,1,0,0,0,0,1,1,0,0,0,1,1,0,1,0,0,1,1,1,4,1
497868,"Else, Somebody",,38.2%,0,1,1,0,1,1,1,1,0,0,0,0,1,0,0,1,0,1,0,0,0,1,1,1,1
293114,"Atall, Nobody",,44.1%,0,0,0,0,0,1,1,1,0,1,0,0,0,1,1,0,0,0,0,1,1,1,3,2,1
897455,"Body, Some",,50.0%,0,0,0,0,1,0,1,1,1,0,0,1,1,1,1,0,0,0,1,0,0,1,1,4,2
536304,"Else, Somebody",,47.1%,1,0,1,0,0,1,0,0,0,0,0,0,0,0,0,1,0,0,1,0,1,1,3,4,2
562109,"Atall, Nobody",,50.0%,0,1,1,1,0,1,1,0,0,0,1,0,1,1,0,0,0,0,1,0,0,1,3,3,1
585189,"Body, Some",,41.2%,0,0,1,1,0,0,0,1,1,0,1,0,0,1,1,1,1,0,0,1,1,0,1,1,1
723034,"Else, Somebody",,47.1%,1,1,1,0,1,1,1,0,0,0,0,0,1,1,1,0,0,0,1,1,0,1,1,3,0
403203,"Atall, Nobody",,41.2%,1,1,0,0,0,1,0,1,0,0,0,1,1,0,0,0,0,0,1,0,0,1,1,2,3
551009,"Body, Some",,61.8%,0,1,0,1,0,0,1,1,1,1,0,0,0,0,0,1,1,1,1,1,1,0,3,4,2
140150,"Else, Somebody",,50.0%,1,1,0,1,1,0,0,1,0,1,1,0,1,1,0,1,1,0,0,0,0,1,0,3,2
607440,"Atall, Nobody",,55.9%,0,0,0,0,0,0,1,0,1,1,0,1,0,1,0,0,1,1,1,1,1,0,4,1,4
861375,"Body, Some",,50.0%,0,1,1,1,0,0,1,1,0,0,1,1,1,0,0,0,0,0,1,1,1,1,2,1,2
451584,"Else, Somebody",,29.4%,1,0,0,1,0,0,0,1,0,0,0,1,1,1,0,1,0,0,0,1,0,0,0,1,1
181300,"Atall, Nobody",,55.9%,1,1,1,1,1,0,0,1,1,1,0,0,0,1,0,0,1,0,0,0,0,1,3,4,1
147930,"Body, Some",,58.8%,1,0,0,1,0,0,1,1,1,0,0,1,1,1,1,1,1,0,0,1,0,1,2,3,2
658254,"Else, Somebody",,52.9%,0,1,1,0,1,0,0,0,1,1,1,1,0,0,1,0,0,1,0,1,0,0,1,3,4
219764,"Atall, Nobody",,50.0%,0,1,0,1,0,1,1,0,0,1,0,0,0,0,1,0,0,0,0,1,0,1,3,2,4
732446,"Body, Some",,38.2%,0,0,1,1,0,0,1,0,1,1,1,0,0,0,0,0,1,0,0,0,1,0,2,0,3
142699,"Else, Somebody",,52.9%,0,1,1,0,0,0,1,0,1,1,1,0,0,1,1,0,0,0,0,0,0,1,4,1,4
889507,"Atall, Nobody",,41.2%,1,0,0,0,0,0,0,1,0,1,0,1,1,1,0,0,1,1,1,0,0,0,0,3,2
990211,"Body, Some",,61.8%,1,1,0,0,0,1,0,1,1,1,0,0,0,1,1,1,1,1,1,1,0,0,4,1,3
755504,"Else, Somebody",,55.9%,1,1,0,1,0,1,1,1,0,0,1,1,1,1,0,0,1,1,1,0,0,0,1,3,2
671674,"Atall, Nobody",,58.8%,0,1,0,1,1,1,1,1,1,0,1,1,1,1,0,1,0,1,0,0,0,1,3,1,2
409598,"Body, Some",,32.4%,1,0,1,1,0,0,1,1,0,0,0,1,0,1,1,0,0,0,0,0,0,0,1,1,1
978669,"Else, Somebody",,58.8%,1,1,0,1,1,1,1,1,0,1,0,0,1,0,1,1,0,1,1,1,1,0,0,3,2
384671,"Atall, Nobody",,35.3%,1,0,1,0,0,1,0,0,1,1,0,0,1,0,0,1,0,0,0,0,1,1,1,1,1
455712,"Body, Some",,44.1%,0,1,0,1,1,1,1,0,1,1,0,0,1,1,1,0,1,0,1,0,1,1,0,1,0
183957,"Else, Somebody",,47.1%,1,0,1,0,1,0,0,0,0,1,0,0,0,0,0,0,1,1,1,1,0,0,2,2,4
540392,"Atall, Nobody",,55.9%,1,1,0,1,0,0,1,1,0,1,1,0,1,1,0,0,1,1,0,0,1,1,3,1,2
134576,"Body, Some",,44.1%,0,0,1,1,1,1,1,0,0,1,0,0,1,1,0,0,1,1,0,0,0,0,3,2,0
190379,"Else, Somebody",,52.9%,1,0,1,0,1,0,0,0,0,0,0,0,0,1,0,0,1,1,1,1,0,1,3,3,3
582521,"Atall, Nobody",,38.2%,0,1,1,0,0,0,1,1,0,1,1,1,0,1,0,1,0,1,0,0,0,0,2,1,0
739129,"Body, Some",,50.0%,1,1,1,1,0,0,0,1,0,1,1,0,1,1,1,0,1,0,1,0,1,0,0,3,1
615830,"Else, Somebody",,52.9%,0,0,1,1,0,0,1,0,1,1,0,1,0,0,1,0,1,0,0,0,1,1,3,2,3
709658,"Atall, Nobody",,67.6%,1,0,1,0,1,0,0,0,1,1,0,0,1,1,1,1,1,1,1,0,1,1,4,4,1
478083,"Body, Some",,70.6%,0,0,1,1,0,1,0,1,1,1,1,1,1,1,1,0,1,0,1,1,1,1,4,1,3
884137,"Else, Somebody",,47.1%,0,1,0,0,1,0,1,1,0,0,1,1,1,1,0,1,1,1,1,1,0,0,0,3,0
848385,"Atall, Nobody",,47.1%,1,0,0,1,1,0,1,0,1,0,1,1,1,0,0,0,1,0,1,0,1,1,3,1,0
593887,"Body, Some",,50.0%,0,1,1,1,1,0,1,0,1,0,0,0,1,1,1,1,0,0,0,0,0,0,3,3,1
476997,"Else, Somebody",,50.0%,0,0,1,0,0,0,1,1,1,1,1,0,0,1,0,0,1,1,0,1,0,0,3,2,2
929115,"Atall, Nobody",,55.9%,0,1,1,0,1,0,1,1,0,1,0,1,1,0,1,1,1,0,0,0,0,1,2,2,3
902935,"Body, Some",,61.8%,1,0,0,0,0,0,1,1,0,1,1,1,1,1,1,1,0,0,0,0,1,1,2,3,4
725431,"Else, Somebody",,41.2%,0,0,1,1,0,1,0,0,0,0,1,0,0,1,1,0,0,0,0,0,1,0,2,1,4
731047,"Atall, Nobody",,44.1%,0,0,0,1,0,0,1,1,1,0,0,1,1,1,1,0,1,1,1,0,0,0,3,1,0
212066,"Body, Some",,64.7%,1,1,1,1,1,1,1,0,1,0,1,1,1,0,0,0,0,1,1,1,0,1,1,3,3
758996,"Else, Somebody",,58.8%,1,0,0,1,1,0,0,0,1,1,0,0,0,0,1,0,1,1,0,0,1,0,4,3,4
705144,"Atall, Nobody",,44.1%,1,0,1,0,1,0,0,0,1,0,1,0,0,1,0,0,1,0,0,0,0,0,1,4,3
962144,"Body, Some",,41.2%,0,1,1,0,0,1,0,0,1,1,0,1,1,1,1,1,1,1,0,0,1,0,1,0,0
732570,"Else, Somebody",,52.9%,1,1,1,1,1,0,0,0,0,0,0,1,0,0,1,0,1,0,1,1,0,0,3,4,1
639676,"Atall, Nobody",,41.2%,0,1,0,1,0,0,0,1,1,0,0,0,0,1,1,0,1,0,1,0,1,0,3,2,0
605565,"Body, Some",,38.2%,1,0,1,0,0,0,1,0,1,0,0,1,0,1,1,0,1,0,0,1,1,0,1,2,0
363763,"Else, Somebody",,41.2%,1,1,1,0,0,0,1,0,1,0,0,1,0,0,0,0,1,0,0,1,1,0,1,3,1
713572,"Atall, Nobody",,61.8%,1,0,1,1,1,1,1,0,1,0,1,0,1,1,1,1,1,0,1,1,0,0,3,0,3
468565,"Body, Some",,50.0%,1,0,0,1,1,0,1,0,1,0,0,1,0,1,1,1,0,1,0,1,1,0,4,0,1
336596,"Else, Somebody",,52.9%,0,1,1,1,1,0,0,0,1,0,1,0,1,0,0,1,1,0,0,0,1,0,3,3,2
373203,"Atall, Nobody",,52.9%,0,0,1,1,1,0,1,0,1,0,0,1,1,1,0,1,1,1,1,0,0,1,3,1,1
653601,"Body, Some",,50.0%,1,1,1,1,0,1,0,0,1,0,0,1,1,0,0,1,1,0,0,1,0,1,3,1,1
266093,"Else, Somebody",,61.8%,1,1,1,0,1,1,0,1,0,1,1,0,1,1,0,0,1,1,0,1,0,1,2,2,3
871572,"Atall, Nobody",,47.1%,0,1,0,0,0,0,1,0,1,1,0,1,1,0,0,1,1,1,0,0,1,1,1,2,2
244971,"Body, Some",,70.6%,1,1,0,0,0,0,1,1,1,0,1,1,0,1,1,1,0,0,0,1,1,0,4,4,4
754322,"Else, Somebody",,38.2%,0,0,0,0,0,1,1,1,0,0,1,1,0,0,1,0,1,0,1,0,0,1,1,1,2
687444,"Atall, Nobody",,32.4%,0,0,0,1,0,0,0,0,0,1,1,1,1,0,1,0,0,1,1,0,0,0,0,1,2
688526,"Body, Some",,55.9%,1,0,1,0,1,1,0,0,0,1,0,1,0,1,0,1,1,1,1,1,1,0,0,2,4
845523,"Else, Somebody",,67.6%,1,1,1,0,0,1,1,0,0,1,1,1,1,1,1,1,0,0,1,1,1,1,2,2,3
482493,"Atall, Nobody",,55.9%,1,1,1,0,1,1,0,1,1,0,0,1,1,1,1,0,1,1,0,1,0,0,1,2,2
547693,"Body, Some",,47.1%,0,0,0,0,1,0,0,1,0,1,0,0,1,0,0,0,1,1,0,1,1,0,2,3,3
120067,"Else, Somebody",,44.1%,0,0,0,1,1,1,0,0,0,0,1,0,1,0,0,0,0,0,0,0,0,0,4,3,3
669266,"Atall, Nobody",,38.2%,1,0,1,0,0,0,1,1,1,0,1,0,0,0,0,1,0,0,1,0,0,1,1,2,1
847032,"Body, Some",,55.9%,1,0,0,1,1,0,1,1,1,1,1,1,0,0,1,1,1,0,0,0,0,1,1,3,2
726833,"Else, Somebody",,52.9%,1,1,0,0,1,1,1,0,0,0,1,1,1,0,0,0,1,0,1,0,0,0,4,1,3
974180,"Atall, Nobody",,44.1%,0,1,0,0,0,1,1,0,1,0,0,0,1,1,0,0,0,1,1,0,0,1,3,2,1
328838,"Body, Some",,50.0%,0,0,0,1,0,0,1,0,1,1,1,1,1,0,1,0,1,0,1,1,0,1,0,4,1
456317,"Else, Somebody",,52.9%,0,1,0,1,0,0,0,1,1,1,1,1,1,0,0,1,1,1,0,0,0,1,0,3,3
680125,"Atall, Nobody",,61.8%,1,0,0,1,1,1,1,1,0,1,0,0,0,0,1,0,0,0,1,1,1,1,3,4,2
584355,"Body, Some",,47.1%,1,1,1,1,1,0,0,0,1,0,0,0,1,1,0,0,1,1,0,1,0,1,1,1,2
935521,"Else, Somebody",,50.0%,1,0,1,0,0,0,1,1,1,0,1,1,1,0,1,0,0,0,1,0,1,0,1,1,4
157866,"Atall, Nobody",,41.2%,0,1,1,1,0,0,1,0,0,0,0,0,0,1,1,1,1,1,1,0,0,0,0,1,3
175120,"Body, Some",,41.2%,0,0,0,1,1,0,1,0,1,1,0,1,0,0,0,1,1,1,0,0,1,1,2,1,0
802022,"Else, Somebody",,50.0%,1,1,0,1,1,1,0,0,1,0,1,0,0,1,0,1,1,1,0,0,0,1,1,0,4
839120,"Atall, Nobody",,70.6%,0,1,0,0,0,1,1,1,0,1,0,1,0,1,1,1,1,1,0,0,1,1,4,3,4
380090,"Body, Some",,44.1%,1,0,1,1,1,0,1,1,0,0,0,0,0,0,1,0,0,1,0,1,0,1,1,1,3
952707,"Else, Somebody",,41.2%,0,1,1,0,0,0,1,1,1,1,1,0,1,0,0,0,0,0,0,0,1,0,2,1,2
357543,"Atall, Nobody",,61.8%,1,1,1,1,1,1,1,0,1,0,1,1,0,0,0,0,0,0,0,0,1,0,3,4,3
763595,"Body, Some",,44.1%,1,1,1,1,0,0,0,0,1,0,0,0,0,1,1,0,1,0,1,0,1,1,0,1,3
880767,"Else, Somebody",,35.3%,0,1,0,0,1,1,1,0,0,1,0,0,1,0,0,1,1,0,1,0,0,0,1,2,0
207022,"Atall, Nobody",,58.8%,1,0,1,0,0,1,0,0,1,1,1,0,1,1,0,0,1,0,1,0,1,1,2,3,3
236367,"Body, Some",,35.3%,1,1,0,1,0,0,0,0,1,1,0,0,0,1,1,0,0,1,1,0,1,0,0,1,1
846548,"Else, Somebody",,52.9%,1,0,1,1,1,1,0,1,1,0,1,1,0,0,1,0,0,1,0,1,1,1,2,1,1
823838,"Atall, Nobody",,47.1%,0,1,0,0,1,1,1,1,0,1,1,0,1,0,0,0,1,1,1,0,1,1,0,1,2
372550,"Body, Some",,58.8%,1,1,1,1,1,1,1,1,0,0,0,1,1,0,1,1,0,0,0,0,1,1,3,1,2
451058,"Else, Somebody",,52.9%,1,0,1,0,0,1,1,1,0,1,0,1,1,1,1,0,0,1,0,1,0,0,1,3,2
491429,"Atall, Nobody",,44.1%,1,1,1,1,1,0,0,1,0,1,0,1,0,0,0,0,0,1,0,0,0,0,0,2,4
702276,"Body, Some",,61.8%,1,1,1,1,0,1,0,0,0,1,1,0,1,1,1,0,0,1,1,1,0,0,3,2,3
435256,"Else, Somebody",,50.0%,1,0,0,0,0,1,0,0,1,0,0,1,0,1,0,1,1,0,1,1,0,1,2,3,2
578476,"Atall, Nobody",,52.9%,0,0,1,0,1,1,0,0,0,0,1,1,1,1,1,1,0,1,0,0,1,1,2,2,2
884795,"Body, Some",,52.9%,1,0,0,1,0,0,1,1,1,1,1,0,1,1,0,1,1,1,0,1,0,0,2,2,1
125996,"Else, Somebody",,47.1%,0,0,1,0,0,1,0,1,1,1,1,0,1,1,0,1,0,1,1,0,0,0,2,1,2
838421,"Atall, Nobody",,44.1%,1,1,0,1,0,0,1,0,0,1,1,0,1,0,0,0,1,0,0,1,1,1,3,0,1
925243,"Body, Some",,44.1%,1,0,0,1,1,0,0,0,0,0,0,1,1,0,1,1,0,0,0,1,0,0,3,3,1
125588,"Else, Somebody",,50.0%,1,1,1,0,0,1,0,1,0,0,0,1,1,0,1,0,1,1,1,0,0,0,2,1,3
842479,"Atall, Nobody",,44.1%,1,0,1,0,1,0,1,0,0,1,0,0,1,1,0,1,1,1,0,0,0,0,2,2,1
376549,"Body, Some",,29.4%,0,0,1,1,0,0,0,1,0,0,1,0,0,1,1,0,1,0,1,0,0,0,0,1,1
531863,"Else, Somebody",,44.1%,1,1,0,1,1,0,1,1,1,1,0,0,0,0,0,1,0,0,0,0,0,0,2,1,3
397613,"Atall, Nobody",,50.0%,1,1,0,0,1,0,0,1,0,1,1,1,0,0,1,0,1,1,0,0,0,1,0,4,2
438693,"Body, Some",,61.8%,0,1,1,0,0,1,1,0,1,1,1,0,1,0,1,0,1,0,0,1,1,1,2,2,4
218032,"Else, Somebody",,64.7%,0,1,0,1,1,0,1,0,1,1,1,1,1,1,1,1,0,1,1,1,1,0,2,0,4
911507,"Atall, Nobody",,38.2%,1,1,0,0,0,1,1,0,0,1,0,0,0,0,1,0,1,1,0,0,0,1,1,2,1
718148,"Body, Some",,52.9%,1,1,1,0,0,1,0,1,1,0,1,0,0,1,0,1,1,0,0,1,0,1,4,2,0
373488,"Else, Somebody",,64.7%,1,1,1,1,0,0,0,0,1,1,0,1,1,1,1,0,0,1,1,0,1,1,2,2,4
980124,"Atall, Nobody",,58.8%,0,0,1,1,0,0,1,1,0,1,0,0,1,0,0,1,0,1,1,1,1,1,4,3,1
817892,"Body, Some",,47.1%,0,1,0,0,0,0,1,0,0,0,1,1,0,1,1,0,1,1,0,0,0,0,3,1,4
281668,"Else, Somebody",,32.4%,0,0,1,1,1,0,1,1,1,0,0,1,0,1,0,0,0,0,1,1,0,0,0,1,0
395173,"Atall, Nobody",,52.9%,1,0,0,1,0,1,0,0,1,0,1,0,0,1,1,0,0,1,1,0,1,0,3,4,1
486699,"Body, Some",,64.7%,1,1,1,1,0,1,1,1,1,1,0,0,1,1,1,1,0,1,0,0,0,0,3,3,2
451138,"Else, Somebody",,41.2%,1,1,0,1,1,1,0,0,0,0,1,0,0,0,0,1,0,0,1,0,1,0,3,2,0
664858,"Atall, Nobody",,38.2%,0,0,0,1,1,1,0,0,1,0,1,1,0,0,1,0,1,0,0,1,1,0,1,1,1
756488,"Body, Some",,41.2%,1,0,1,0,1,1,0,0,1,0,1,1,1,1,1,0,0,1,0,0,0,0,1,2,0
389123,"Else, Somebody",,44.1%,0,0,0,0,1,1,1,0,0,0,0,1,1,0,1,1,0,0,0,1,1,1,1,2,2
295951,"Atall, Nobody",,50.0%,1,1,1,0,1,1,0,1,1,0,1,0,0,1,1,0,1,1,0,0,0,0,1,0,4
828083,"Body, Some",,38.2%,0,0,1,1,0,1,1,0,0,1,0,0,1,1,0,1,0,0,0,0,1,0,0,1,3
874934,"Else, Somebody",,41.2%,0,1,0,0,0,0,1,1,0,0,1,1,1,0,0,0,1,1,1,0,0,0,1,3,1
168039,"Atall, Nobody",,35.3%,1,1,0,1,1,0,0,0,0,0,1,1,1,0,0,0,0,0,0,0,0,1,0,2,2
385816,"Body, Some",,35.3%,0,0,0,1,0,0,1,1,0,0,0,0,1,0,1,1,1,1,0,0,0,0,1,2,1
252011,"Else, Somebody",,41.2%,1,1,0,0,1,1,1,0,0,0,0,0,1,1,0,0,1,0,1,1,1,1,0,1,1
510386,"Atall, Nobody",,38.2%,1,1,1,0,1,0,0,0,1,1,0,0,1,1,0,0,1,1,0,0,0,0,1,2,0
237016,"Body, Some",,55.9%,1,1,0,1,0,0,1,1,1,0,1,1,0,1,0,0,0,0,0,0,1,1,3,4,1
779972,"Else, Somebody",,44.1%,0,0,0,1,1,1,1,0,0,1,0,0,0,1,1,1,0,0,1,0,1,0,1,2,2
721076,"Atall, Nobody",,50.0%,1,1,1,0,0,1,1,0,0,0,1,1,1,1,0,0,0,0,0,0,0,1,4,3,0
716876,"Body, Some",,41.2%,0,0,1,0,0,0,1,0,0,1,1,1,1,1,0,0,0,1,1,1,1,0,1,1,1
594040,"Else, Somebody",,44.1%,1,1,1,1,1,0,0,0,0,1,0,0,0,1,1,0,0,1,1,1,1,1,0,2,0
876798,"Atall, Nobody",,47.1%,1,1,0,1,1,0,0,1,1,1,0,0,0,1,0,0,0,1,0,0,1,1,1,3,1
803316,"Body, Some",,55.9%,1,1,1,0,1,0,0,0,1,0,1,0,1,0,0,1,0,1,1,1,1,1,3,1,2
574137,"Else, Somebody",,41.2%,1,1,0,1,1,0,0,0,1,0,1,1,0,1,0,0,0,0,1,1,0,1,3,0,0
144440,"Atall, Nobody",,52.9%,1,0,1,0,1,1,0,1,1,1,0,1,1,1,1,0,0,0,0,1,0,0,1,2,3
581025,"Body, Some",,52.9%,1,1,1,1,1,0,0,1,0,1,1,0,0,0,0,0,0,1,0,0,1,0,4,1,3
872499,"Else, Somebody",,35.3%,0,0,0,1,0,0,1,1,1,1,0,0,0,0,0,0,0,1,0,1,0,0,1,1,3
201430,"Atall, Nobody",,38.2%,0,1,0,1,1,0,1,0,0,0,1,0,1,0,1,0,0,0,0,1,0,0,0,3,2
688985,"Body, Some",,44.1%,0,0,1,0,0,0,0,1,0,0,1,1,1,0,0,0,0,0,0,0,0,1,2,4,3
100029,"Else, Somebody",,58.8%,1,1,0,1,1,0,1,0,0,0,0,0,0,1,1,1,0,1,0,0,1,0,3,3,4
921727,"Atall, Nobody",,32.4%,0,0,1,0,0,0,0,0,0,1,1,1,0,0,0,1,1,0,0,1,1,0,1,1,1
875948,"Body, Some",,47.1%,1,1,1,1,0,0,0,1,0,1,1,0,0,0,1,1,0,0,0,1,0,0,1,2,3
670154,"Else, Somebody",,47.1%,0,1,1,0,1,0,0,0,1,1,1,1,0,0,0,0,0,0,1,1,0,1,0,3,3
662893,"Atall, Nobody",,67.6%,0,1,1,0,0,1,1,1,1,1,0,0,1,1,1,1,1,1,0,1,1,0,4,0,4
543972,"Body, Some",,50.0%,0,1,0,1,0,1,0,1,1,1,0,0,0,1,1,0,1,0,0,0,0,0,3,4,1
914178,"Else, Somebody",,47.1%,1,1,0,0,0,0,0,1,0,0,1,1,1,1,0,1,0,1,0,0,1,0,3,0,3
271524,"Atall, Nobody",,50.0%,0,1,0,1,0,1,0,1,0,0,1,0,1,0,0,1,0,0,1,0,1,1,3,2,2
579776,"Body, Some",,44.1%,0,0,0,0,1,1,0,1,1,0,0,0,0,1,1,0,1,0,1,1,0,1,3,1,1
109047,"Else, Somebody",,70.6%,1,0,0,0,1,0,1,1,1,0,1,1,1,0,1,1,1,1,1,0,1,1,3,3,3
724361,"Atall, Nobody",,52.9%,1,1,0,0,0,1,1,0,1,0,0,1,0,1,0,0,1,0,1,0,1,0,2,3,3
669916,"Body, Some",,41.2%,1,1,0,1,1,0,0,0,1,0,1,0,0,0,0,1,0,1,1,0,1,0,3,0,1
989093,"Else, Somebody",,38.2%,1,1,1,0,0,0,0,0,0,1,1,0,1,0,0,0,1,0,1,0,1,1,0,1,2
532466,"Atall, Nobody",,50.0%,1,0,1,0,0,0,0,1,1,1,1,1,0,0,1,0,1,0,1,0,0,1,4,0,2
390875,"Body, Some",,38.2%,1,1,0,1,0,0,1,1,1,1,1,0,1,0,1,0,0,1,0,1,1,0,0,0,0
854388,"Else, Somebody",,58.8%,1,1,0,1,0,1,1,1,0,0,1,1,1,1,0,0,0,1,1,0,0,0,3,2,3
207452,"Atall, Nobody",,41.2%,1,0,0,0,0,0,1,1,1,1,0,1,0,0,1,0,1,1,0,0,1,1,0,1,2
704736,"Body, Some",,61.8%,0,0,1,0,0,0,0,0,1,1,1,1,0,1,0,0,1,1,1,0,1,1,4,4,2
461660,"Else, Somebody",,64.7%,1,0,1,0,1,1,1,0,1,1,1,0,1,1,0,0,1,0,1,0,0,1,3,2,4
285883,"Atall, Nobody",,50.0%,0,1,1,0,1,0,0,0,0,1,0,0,1,0,0,1,0,1,1,1,0,1,2,1,4
625108,"Body, Some",,35.3%,1,1,0,0,0,0,1,1,0,1,0,0,1,0,0,1,0,0,1,0,0,0,1,3,0
982004,"Else, Somebody",,44.1%,0,0,1,0,1,0,1,1,0,1,0,1,1,0,1,1,0,0,1,0,1,0,1,2,1
529017,"Atall, Nobody",,47.1%,1,0,1,1,1,1,1,0,0,1,0,0,1,1,1,0,1,0,1,0,1,1,1,0,1
828200,"Body, Some",,55.9%,1,1,1,0,1,1,0,1,0,1,0,1,0,0,0,0,0,1,0,0,1,1,1,3,4
533195,"Else, Somebody",,50.0%,0,0,1,0,0,1,0,1,0,0,1,1,1,0,1,0,1,1,1,1,1,0,0,4,1
633660,"Atall, Nobody",,38.2%,0,0,0,1,0,1,0,1,1,0,0,0,1,1,0,0,0,1,1,0,0,1,1,1,2
497145,"Body, Some",,61.8%,1,1,0,0,0,0,1,1,1,1,1,0,1,1,0,1,1,1,0,0,0,1,2,2,4
683542,"Else, Somebody",,44.1%,1,1,1,0,1,0,0,1,0,1,1,0,1,1,0,1,0,1,0,1,0,1,1,1,0
321216,"Atall, Nobody",,47.1%,1,0,1,0,0,1,1,0,1,1,1,1,0,1,1,1,0,0,0,1,1,1,0,1,1
208917,"Body, Some",,47.1%,1,1,0,0,1,0,1,1,0,1,1,0,1,1,0,0,0,1,1,1,1,0,0,3,0
775924,"Else, Somebody",,47.1%,1,0,1,0,0,0,1,0,0,1,1,0,1,1,1,0,0,1,0,1,0,0,3,3,0
788004,"Atall, Nobody",,58.8%,1,1,1,0,0,0,0,1,0,0,1,1,1,1,0,1,0,1,0,0,0,1,4,3,2
945866,"Body, Some",,50.0%,0,1,0,0,0,0,0,1,0,1,0,1,1,0,1,1,0,1,1,1,0,0,3,1,3
728716,"Else, Somebody",,41.2%,1,0,0,0,1,0,0,0,1,0,1,0,0,0,1,0,1,0,0,1,0,0,3,1,3
569872,"Atall, Nobody",,47.1%,0,0,0,1,1,0,1,0,0,1,0,1,1,0,0,1,0,0,1,1,1,1,0,2,3
226337,"Body, Some",,50.0%,0,1,0,1,1,1,0,1,1,0,1,0,0,1,1,0,0,1,0,1,1,1,2,0,2
191299,"Else, Somebody",,47.1%,0,1,1,0,1,1,0,0,0,0,1,0,1,1,0,0,1,0,0,0,1,0,4,1,2
101914,"Atall, Nobody",,47.1%,0,0,1,0,0,1,0,1,0,0,1,0,1,1,0,0,1,1,0,1,1,1,0,3,2
922373,"Body, Some",,38.2%,0,1,0,0,1,1,0,0,1,1,0,0,1,0,1,0,0,0,0,0,1,1,1,3,0
144226,"Else, Somebody",,55.9%,0,1,1,0,0,0,1,1,1,0,0,1,0,0,1,1,1,0,1,1,0,0,3,1,4
107297,"Atall, Nobody",,50.0%,1,0,1,1,1,1,0,1,0,0,0,0,0,0,1,0,1,1,0,1,1,1,1,3,1
591891,"Body, Some",,44.1%,0,1,1,1,0,1,1,0,1,0,0,1,0,0,0,1,1,1,0,0,1,1,2,1,0
147142,"Else, Somebody",,55.9%,1,1,1,0,0,0,0,1,1,1,1,1,0,1,1,1,0,1,1,0,0,1,0,3,2
933823,"Atall, Nobody",,52.9%,1,1,0,0,0,0,1,1,1,1,1,1,1,1,1,0,0,1,1,1,0,1,2,1,0
208738,"Body, Some",,47.1%,1,0,1,0,0,0,1,0,0,1,1,0,1,1,0,1,0,0,0,0,1,0,3,3,1
418058,"Else, Somebody",,44.1%,1,0,0,1,0,0,1,0,1,0,0,0,0,0,1,1,1,0,0,1,0,1,3,2,1
927578,"Atall, Nobody",,67.6%,0,0,0,1,1,0,1,1,0,1,1,1,1,0,1,1,1,0,1,1,0,0,4,3,3
711135,"Body, Some",,58.8%,1,1,1,0,0,1,1,0,0,1,0,1,0,1,1,0,1,1,0,1,0,1,2,3,2
566248,"Else, Somebody",,29.4%,0,0,0,0,0,1,0,0,0,0,0,0,0,0,1,1,0,0,1,1,1,0,1,1,2
670385,"Atall, Nobody",,52.9%,1,1,0,1,1,1,0,0,0,1,1,1,1,0,0,1,0,0,0,0,0,0,3,3,2
483368,"Body, Some",,29.4%,1,0,0,0,1,0,0,0,1,0,0,1,0,0,0,0,1,0,0,1,0,0,2,1,1
505110,"Else, Somebody",,47.1%,0,0,1,1,1,1,0,0,0,1,0,1,0,1,0,0,1,1,1,0,1,0,2,2,1
880333,"Atall, Nobody",,52.9%,0,0,1,0,0,1,1,1,1,1,0,0,1,1,0,0,1,0,1,0,1,0,0,4,3
115152,"Body, Some",,44.1%,0,0,0,1,0,1,0,1,1,0,0,1,1,0,1,1,0,0,0,0,1,1,2,2,1
395819,"Else, Somebody",,32.4%,1,0,0,1,0,0,0,1,0,1,1,1,0,0,0,1,0,1,0,0,1,0,1,0,1
244591,"Atall, Nobody",,38.2%,1,1,0,0,1,0,0,1,0,1,1,0,0,0,0,1,1,0,0,1,1,1,1,1,0
210041,"Body, Some",,29.4%,0,0,0,0,1,1,0,0,0,0,0,0,0,0,0,0,0,0,0,1,0,0,2,2,3
861745,"Else, Somebody",,52.9%,1,0,0,0,1,0,1,1,0,0,1,1,0,0,0,1,1,1,1,0,1,0,4,2,1
229191,"Atall, Nobody",,44.1%,0,1,0,1,1,1,0,0,1,0,0,1,0,0,0,1,1,1,1,0,1,0,2,1,1
171132,"Body, Some",,58.8%,0,0,1,1,1,1,0,1,1,0,0,0,1,1,0,1,1,0,1,1,0,0,4,2,2
126014,"Else, Somebody",,67.6%,0,1,0,0,1,0,1,1,1,1,0,1,1,0,1,1,1,1,1,1,1,1,2,2,3
118339,"Atall, Nobody",,52.9%,1,0,0,0,1,0,1,1,1,0,0,0,1,1,1,1,0,1,0,1,0,1,4,1,1
226581,"Body, Some",,32.4%,0,0,0,0,0,0,1,1,0,0,1,0,0,0,1,1,0,0,1,0,0,0,4,0,1
350695,"Else, Somebody",,38.2%,0,0,0,1,0,0,0,1,0,0,1,1,1,0,1,0,0,0,1,0,1,0,2,1,2
287049,"Atall, Nobody",,64.7%,0,1,0,1,1,1,0,0,0,0,1,1,1,1,0,1,0,1,1,1,0,1,3,3,3
683531,"Body, Some",,41.2%,1,1,0,0,1,0,0,0,1,1,0,0,1,0,1,1,0,1,0,0,1,1,0,1,2
333174,"Else, Somebody",,70.6%,0,1,0,0,0,1,0,0,0,1,1,1,1,1,0,1,1,1,1,0,1,1,4,4,3
939885,"Atall, Nobody",,55.9%,1,0,0,0,1,0,0,0,0,1,0,1,0,0,1,1,1,1,0,0,0,1,4,2,4
169128,"Body, Some",,52.9%,0,1,1,1,1,1,0,1,0,1,0,0,0,1,1,1,0,1,0,0,1,0,2,1,3
293959,"Else, Somebody",,38.2%,0,1,0,0,0,0,0,0,0,1,1,0,1,1,0,1,0,0,1,0,0,0,4,1,1
833307,"Atall, Nobody",,44.1%,0,0,0,0,0,0,0,1,1,1,0,0,1,1,1,1,0,1,1,0,0,0,2,1,3
702342,"Body, Some",,61.8%,1,0,0,1,0,1,1,1,0,1,1,1,1,0,0,1,0,0,0,1,1,1,3,3,2
436742,"Else, Somebody",,44.1%,1,0,0,1,0,0,0,1,1,0,0,1,1,1,1,1,1,1,0,1,1,1,1,0,0
990368,"Atall, Nobody",,38.2%,1,0,1,1,1,0,0,0,1,0,1,0,0,0,0,1,0,0,0,0,0,0,1,2,3
522260,"Body, Some",,44.1%,1,1,1,0,0,1,0,1,1,0,0,0,1,1,1,1,0,0,0,0,0,0,1,3,1
712956,"Else, Somebody",,44.1%,1,0,1,0,1,0,0,0,0,1,1,0,0,0,1,0,1,1,0,1,0,1,3,0,2
806991,"Atall, Nobody",,47.1%,1,1,0,1,1,0,0,1,0,0,1,0,0,1,1,0,1,1,0,1,0,0,1,1,3
492409,"Body, Some",,41.2%,0,1,1,0,1,0,1,0,1,1,0,1,0,1,1,0,1,1,0,0,0,0,0,0,3
185086,"Else, Somebody",,50.0%,1,0,1,0,0,1,1,1,1,0,0,0,0,0,0,1,1,0,1,0,0,1,1,2,4
166717,"Atall, Nobody",,58.8%,1,0,0,0,1,1,0,1,0,1,0,0,1,0,1,1,0,0,1,1,1,1,3,3,2
220649,"Body, Some",,26.5%,0,0,0,1,1,0,1,1,0,0,1,0,0,0,0,0,0,0,1,0,0,1,1,0,1
454413,"Else, Somebody",,41.2%,1,0,0,0,1,0,0,0,1,1,0,0,1,1,0,0,1,1,0,1,0,0,2,0,3
647540,"Atall, Nobody",,41.2%,0,1,0,1,0,1,0,1,0,1,0,1,1,0,1,0,0,0,1,0,0,0,2,0,3
352956,"Body, Some",,41.2%,0,1,0,0,0,1,1,1,1,1,0,0,0,0,1,0,1,0,0,0,1,0,3,2,0
837220,"Else, Somebody",,55.9%,0,0,0,1,1,0,0,0,0,0,1,0,0,0,1,0,1,1,1,1,0,1,4,2,4
509476,"Atall, Nobody",,58.8%,1,1,0,0,1,1,0,1,1,1,1,1,0,0,0,1,0,1,1,0,1,0,1,3,3
997103,"Body, Some",,35.3%,0,0,1,0,0,0,0,0,1,0,0,0,0,0,1,1,1,1,1,1,0,1,1,2,0
985456,"Else, Somebody",,55.9%,0,0,1,1,1,1,1,1,1,0,1,0,1,0,1,1,0,1,0,1,1,1,0,1,3
824165,"Atall, Nobody",,52.9%,0,1,1,1,1,1,0,1,1,0,1,0,1,0,0,0,1,1,0,1,0,1,0,3,2
642533,"Body, Some",,50.0%,1,0,1,0,1,0,0,1,1,0,0,0,0,1,0,0,1,1,1,1,1,1,1,0,4
226005,"Else, Somebody",,61.8%,0,0,0,1,1,1,1,0,0,0,1,1,1,1,0,1,0,0,0,0,1,1,3,4,3
796232,"Atall, Nobody",,44.1%,1,1,1,0,0,0,0,0,1,1,0,0,1,0,1,0,0,0,0,0,1,0,1,3,3
801649,"Body, Some",,41.2%,1,1,0,1,1,1,0,0,0,1,1,0,0,1,1,0,0,0,1,1,0,1,0,1,1
269476,"Else, Somebody",,35.3%,0,0,1,1,0,1,0,0,1,1,0,0,1,0,0,0,1,1,0,1,0,0,1,2,0
920431,"Atall, Nobody",,41.2%,0,1,0,1,0,0,0,1,0,1,1,0,1,0,1,0,1,0,0,1,1,0,2,1,1
381334,"Body, Some",,47.1%,0,0,0,0,1,0,0,1,0,0,1,0,0,0,1,0,1,1,1,1,1,1,4,1,1
777011,"Else, Somebody",,52.9%,1,0,0,0,0,0,1,0,1,0,1,1,1,0,1,1,1,0,1,0,1,1,1,3,2
875577,"Atall, Nobody",,50.0%,0,0,0,0,1,0,1,0,1,1,0,0,0,0,1,1,1,1,1,1,1,1,0,2,3
970796,"Body, Some",,41.2%,0,1,0,0,0,1,1,1,0,0,1,1,1,1,0,1,1,0,0,0,1,0,1,0,2
535009,"Else, Somebody",,58.8%,1,1,1,0,1,0,0,1,1,1,0,1,1,1,1,0,1,0,0,0,0,0,2,3,3
579043,"Atall, Nobody",,61.8%,1,1,0,1,1,0,0,0,1,0,1,1,1,0,1,0,1,1,0,0,1,1,2,3,3
493737,"Body, Some",,41.2%,0,1,0,1,0,0,1,0,0,1,1,0,1,0,0,1,0,0,1,0,1,0,3,1,1
996713,"Else, Somebody",,41.2%,0,1,1,1,0,1,1,0,0,1,0,0,0,0,0,0,0,0,0,0,1,1,2,3,1
634655,"Atall, Nobody",,55.9%,0,0,1,1,1,1,0,0,0,0,0,0,1,1,0,0,1,1,1,1,1,1,1,3,3
219294,"Body, Some",,44.1%,1,0,0,1,0,0,0,1,0,1,0,0,0,1,0,1,0,1,1,1,1,0,1,3,1
449885,"Else, Somebody",,47.1%,1,1,1,0,0,1,1,0,0,1,0,0,1,0,0,0,0,0,1,0,1,0,3,1,3
253815,"Atall, Nobody",,50.0%,1,1,1,0,1,1,0,1,1,0,1,1,0,0,0,1,0,0,1,0,1,0,1,1,3
645924,"Body, Some",,20.6%,0,1,0,0,0,0,0,0,1,0,1,0,0,0,1,0,0,0,0,1,0,1,1,0,0
805720,"Else, Somebody",,44.1%,0,1,1,0,0,1,0,1,0,0,0,1,1,0,0,0,1,1,1,0,0,0,2,2,2
899400,"Atall, Nobody",,50.0%,0,1,0,0,1,1,1,0,0,1,0,1,1,0,1,0,1,0,1,1,1,0,1,2,2
158303,"Body, Some",,50.0%,0,1,1,1,0,0,0,0,1,1,0,1,0,1,0,0,1,1,1,0,1,0,2,3,1
855534,"Else, Somebody",,67.6%,0,1,0,0,1,1,0,1,1,1,1,1,0,1,1,1,0,1,0,1,1,1,1,4,3
295026,"Atall, Nobody",,47.1%,1,0,0,1,1,1,0,0,1,1,1,1,0,0,1,0,1,1,1,1,0,1,2,0,0
740931,"Body, Some",,52.9%,1,0,1,0,0,1,0,1,0,0,1,0,0,0,1,0,1,0,1,1,0,0,4,2,3
326528,"Else, Somebody",,38.2%,0,0,0,1,1,0,0,1,0,1,0,1,0,0,0,1,1,1,1,0,1,0,1,0,2
900301,"Atall, Nobody",,50.0%,1,1,1,1,1,1,0,0,0,0,0,1,0,1,0,0,0,1,0,0,0,0,3,3,2
327300,"Body, Some",,47.1%,1,0,0,1,0,1,1,0,1,0,0,0,1,0,0,1,0,0,1,1,0,1,2,2,2
419447,"Else, Somebody",,35.3%,0,1,0,1,0,0,0,0,0,1,0,0,1,0,0,0,1,1,0,0,0,0,4,2,0
172811,"Atall, Nobody",,32.4%,0,0,1,0,1,0,1,0,0,0,0,1,0,0,0,0,1,0,0,0,1,0,1,1,3
351642,"Body, Some",,58.8%,1,0,1,1,1,1,1,0,1,0,1,1,0,0,0,1,0,1,0,0,1,0,3,3,2
952613,"Else, Somebody",,32.4%,1,0,1,1,1,1,0,0,0,0,0,0,0,0,0,0,0,1,0,1,0,0,1,2,1
486022,"Atall, Nobody",,38.2%,1,0,1,0,0,1,0,1,0,1,0,0,1,0,0,0,0,0,0,1,0,0,4,1,1
250099,"Body, Some",,58.8%,0,1,0,0,1,1,0,1,1,0,1,0,0,0,1,1,0,1,1,1,1,1,4,0,3
206633,"Else, Somebody",,61.8%,1,0,1,1,0,0,1,1,1,0,1,1,1,0,1,0,0,1,1,1,1,1,3,0,3
942471,"Atall, Nobody",,47.1%,1,0,1,0,1,1,0,1,0,0,0,0,1,1,0,0,1,1,0,1,1,1,3,1,0
832673,"Body, Some",,61.8%,1,1,1,0,0,1,1,1,1,1,1,0,1,0,1,1,0,1,0,1,0,1,2,3,1
689280,"Else, Somebody",,55.9%,0,0,1,1,0,0,1,0,1,1,1,1,0,0,0,1,1,1,1,1,1,0,2,2,2
532659,"Atall, Nobody",,44.1%,1,0,0,1,0,1,0,0,1,0,0,0,1,1,1,0,1,0,1,0,1,0,2,2,1
825820,"Body, Some",,58.8%,1,1,1,0,1,0,0,0,1,0,1,1,1,1,0,0,0,1,0,1,1,1,2,2,3
865502,"Else, Somebody",,58.8%,1,0,1,1,1,1,0,1,1,1,1,1,1,0,1,1,0,1,1,0,0,1,3,1,0
901949,"Atall, Nobody",,38.2%,0,0,0,0,0,0,0,1,1,0,1,0,1,0,0,0,1,0,1,1,1,1,1,2,1
993327,"Body, Some",,73.5%,1,0,1,1,1,0,1,1,1,1,1,0,1,1,1,1,0,0,0,1,1,1,3,3,3
175842,"Else, Somebody",,58.8%,0,1,1,1,1,1,0,1,0,1,0,0,0,0,1,1,0,1,1,1,1,1,4,1,1
886152,"Atall, Nobody",,55.9%,1,0,1,1,1,0,1,0,0,1,0,0,1,0,0,0,1,1,1,1,1,0,2,1,4
949655,"Body, Some",,58.8%,1,0,0,0,1,0,1,1,1,1,0,0,1,1,0,0,1,1,0,0,1,1,3,2,3
742698,"Else, Somebody",,38.2%,1,0,0,0,1,0,0,0,0,1,1,0,1,1,0,0,0,0,0,1,0,0,2,1,3
434229,"Atall, Nobody",,52.9%,0,0,1,0,1,0,0,1,1,1,1,0,1,1,0,1,0,0,1,1,0,0,2,2,3
845693,"Body, Some",,64.7%,1,1,1,1,1,0,1,1,1,1,0,1,0,1,0,1,1,1,1,1,1,0,1,2,2
558540,"Else, Somebody",,26.5%,0,0,1,0,1,0,0,1,0,0,1,0,1,0,0,0,0,0,0,0,0,0,0,3,1
752416,"Atall, Nobody",,55.9%,1,0,1,0,1,0,1,1,0,0,0,0,1,1,1,0,1,1,0,0,1,0,3,3,2
715969,"Body, Some",,38.2%,0,1,0,1,1,0,0,1,0,0,0,1,1,1,0,0,1,1,0,0,1,0,1,1,1
107732,"Else, Somebody",,55.9%,1,1,1,1,0,1,1,0,1,0,1,1,0,1,0,0,0,0,1,1,1,1,0,3,2
928672,"Atall, Nobody",,44.1%,0,1,0,1,0,1,1,0,0,0,1,0,0,0,1,0,1,1,0,0,1,1,1,2,2
314740,"Body, Some",,50.0%,0,0,0,0,0,1,0,0,1,0,1,1,0,1,1,0,1,0,0,1,1,0,3,3,2
197398,"Else, Somebody",,44.1%,1,1,1,0,0,1,1,0,0,0,0,1,0,0,0,0,1,1,1,0,0,0,2,0,4
881539,"Atall, Nobody",,50.0%,1,1,1,0,0,0,0,0,0,1,0,1,0,1,0,0,0,1,1,0,1,0,1,3,4
644388,"Body, Some",,50.0%,0,1,0,1,0,0,1,1,1,0,0,1,0,0,1,0,0,1,0,1,1,0,3,1,3
388055,"Else, Somebody",,58.8%,0,0,0,1,1,1,0,0,0,1,1,1,1,1,1,0,1,1,1,0,1,0,4,2,1
961743,"Atall, Nobody",,44.1%,1,1,1,0,0,0,1,1,0,0,1,0,0,0,1,0,0,0,1,0,0,1,4,0,2
529915,"Body, Some",,61.8%,1,1,0,1,1,1,0,1,1,1,0,0,1,0,0,0,1,1,0,0,0,1,4,1,4
609640,"Else, Somebody",,58.8%,1,0,0,1,0,1,1,0,1,1,0,1,1,1,1,1,1,0,0,0,0,0,3,2,3
800918,"Atall, Nobody",,47.1%,1,0,1,1,0,0,0,0,0,0,0,0,1,1,0,0,1,1,1,0,0,1,3,3,1
717340,"Body, Some",,38.2%,1,0,0,1,0,0,0,0,0,0,0,0,0,1,0,0,0,1,1,1,0,0,1,3,3
540900,"Else, Somebody",,61.8%,0,1,0,1,1,1,1,1,1,0,0,1,1,1,1,0,1,0,1,1,1,0,1,2,3
140685,"Atall, Nobody",,44.1%,0,1,1,0,0,0,1,1,1,0,0,1,0,0,1,0,1,1,1,1,1,0,1,1,1
735687,"Body, Some",,52.9%,0,1,0,0,1,1,0,0,1,1,1,0,1,1,1,1,1,1,0,0,0,1,1,1,3
971070,"Else, Somebody",,44.1%,1,1,0,1,0,0,0,1,0,1,0,0,0,0,0,0,1,1,1,0,1,1,1,1,3
357334,"Atall, Nobody",,38.2%,1,1,1,0,0,0,0,0,1,0,0,0,0,1,1,1,0,0,0,1,0,1,0,3,1
606525,"Body, Some",,47.1%,0,1,1,0,1,0,0,1,1,1,0,1,0,0,0,1,0,1,0,1,1,1,2,1,1
800706,"Else, Somebody",,73.5%,1,0,0,0,1,1,0,1,1,1,1,0,0,0,1,1,1,1,1,1,1,1,3,4,3
751347,"Atall, Nobody",,50.0%,1,1,1,0,1,0,0,1,0,0,1,0,1,1,1,0,1,0,0,0,0,1,1,1,4
446637,"Body, Some",,58.8%,0,1,0,0,1,1,1,1,0,1,0,1,1,1,1,0,1,0,1,1,0,1,2,1,3
824740,"Else, Somebody",,52.9%,0,1,0,0,0,0,0,1,0,1,1,0,1,1,0,0,1,0,1,0,0,1,2,3,4
759201,"Atall, Nobody",,47.1%,1,0,0,0,0,1,1,0,0,0,0,1,1,1,0,0,0,1,0,0,0,1,4,3,1
579994,"Body, Some",,61.8%,1,0,1,1,0,0,1,1,0,0,1,0,1,1,1,0,1,0,0,1,0,1,3,3,3
987643,"Else, Somebody",,55.9%,0,1,0,0,0,0,1,0,1,1,0,1,0,0,1,1,1,0,0,1,0,1,1,4,4
872058,"Atall, Nobody",,55.9%,1,0,1,0,1,0,1,1,1,0,1,0,1,1,1,0,0,0,1,0,0,1,4,3,0
209194,"Body, Some",,55.9%,0,0,0,1,1,1,0,1,1,0,1,1,1,1,0,0,0,1,0,0,1,0,2,3,3
433082,"Else, Somebody",,55.9%,1,0,0,1,1,1,1,0,0,1,1,1,1,1,0,1,1,0,1,0,1,0,0,3,2
388409,"Atall, Nobody",,55.9%,1,1,1,1,1,1,0,1,1,0,1,0,0,1,0,0,0,1,0,1,1,0,4,1,1
143961,"Body, Some",,61.8%,1,1,1,1,0,1,1,1,1,1,0,0,0,0,0,0,0,1,1,1,0,1,4,3,1
297575,"Else, Somebody",,50.0%,0,1,1,1,1,1,1,0,0,0,0,0,0,1,1,0,0,1,1,0,1,0,1,4,1
631288,"Atall, Nobody",,67.6%,1,1,1,0,0,1,0,1,0,1,1,0,0,1,1,1,0,1,1,1,0,1,4,2,3
557879,"Body, Some",,55.9%,0,1,1,0,1,0,0,1,1,1,1,0,0,0,1,1,1,0,1,0,0,1,2,4,1
203073,"Else, Somebody",,61.8%,0,1,0,1,1,1,1,1,0,1,1,0,0,1,0,1,0,1,1,0,1,1,0,4,3
892872,"Atall, Nobody",,47.1%,1,0,1,1,0,0,1,1,1,1,0,0,0,0,1,0,1,0,0,1,1,1,2,1,1
726948,"Body, Some",,50.0%,0,1,0,1,0,1,0,0,0,1,1,0,1,0,0,1,1,0,1,1,0,0,3,0,4
395839,"Else, Somebody",,44.1%,1,0,0,0,0,0,1,1,0,1,0,0,1,1,0,1,1,0,0,1,1,0,1,2,2
181074,"Atall, Nobody",,47.1%,0,1,0,0,1,1,0,1,1,0,0,0,0,0,1,0,1,1,0,0,0,1,1,4,2
486379,"Body, Some",,44.1%,0,0,0,1,1,0,0,0,0,0,0,1,1,1,0,0,1,1,0,0,1,1,1,2,3
163682,"Else, Somebody",,50.0%,1,0,1,0,0,1,0,0,1,1,1,1,0,1,1,1,1,0,1,1,1,0,0,2,1
352096,"Atall, Nobody",,47.1%,1,0,0,0,0,1,1,0,1,0,0,0,1,0,1,1,1,1,0,1,1,0,1,2,2
709567,"Body, Some",,41.2%,1,0,0,1,1,1,0,0,1,0,0,0,1,0,0,0,1,1,1,0,0,1,2,2,0
466668,"Else, Somebody",,58.8%,0,1,1,1,0,1,0,0,1,1,1,1,0,0,1,1,0,0,0,0,1,1,2,3,3
532563,"Atall, Nobody",,52.9%,1,1,1,1,1,0,1,1,1,0,1,0,0,1,0,1,1,1,0,0,0,1,1,1,2
291629,"Body, Some",,32.4%,1,0,0,1,1,0,1,0,0,0,1,0,0,1,1,0,0,0,0,0,0,0,0,1,3
176134,"Else, Somebody",,52.9%,0,0,0,1,1,1,0,0,0,1,1,1,0,1,0,0,1,1,1,1,0,0,1,4,2
373980,"Atall, Nobody",,38.2%,0,0,0,1,1,0,1,0,1,0,0,1,1,0,0,0,0,1,0,1,0,0,1,3,1
180853,"Body, Some",,52.9%,1,1,0,1,1,1,1,1,0,1,1,1,0,1,1,0,0,0,1,1,0,1,2,0,1
481902,"Else, Somebody",,44.1%,1,0,0,1,1,1,0,1,1,1,0,1,0,0,0,0,0,1,1,0,0,0,4,1,0
320098,"Atall, Nobody",,58.8%,0,1,0,0,0,1,1,0,1,0,1,0,1,1,1,0,1,1,0,1,1,1,2,4,1
623675,"Body, Some",,44.1%,0,1,1,1,0,0,1,1,1,1,0,1,0,0,1,1,0,0,1,0,0,0,1,1,2
887734,"Else, Somebody",,55.9%,0,1,1,0,1,0,0,1,1,1,1,1,0,1,1,0,0,1,0,0,0,1,2,4,1
877957,"Atall, Nobody",,76.5%,0,1,1,1,1,1,0,0,0,1,1,1,1,1,0,0,0,1,1,1,1,0,4,4,4
905654,"Body, Some",,52.9%,0,1,1,1,0,0,0,1,0,0,1,0,1,1,1,1,0,1,1,0,0,1,3,2,1
350478,"Else, Somebody",,61.8%,1,0,1,0,1,0,1,1,1,0,0,0,1,1,0,0,0,0,1,1,0,1,4,3,3
915830,"Atall, Nobody",,41.2%,1,0,0,1,0,1,0,0,0,1,0,0,1,0,0,1,0,0,0,1,1,0,1,4,1
239326,"Body, Some",,44.1%,1,1,1,0,1,0,0,0,1,0,1,0,0,1,1,0,1,0,1,0,1,0,1,0,3
862513,"Else, Somebody",,47.1%,0,1,1,1,0,0,1,0,0,0,0,0,1,0,1,0,1,1,1,0,0,1,4,1,1
816629,"Atall, Nobody",,55.9%,1,0,1,1,0,0,0,1,0,1,0,0,1,0,1,1,1,1,1,1,0,0,0,4,3
532801,"Body, Some",,38.2%,0,0,1,0,1,0,1,1,0,1,0,0,0,0,1,1,0,0,0,1,0,1,0,3,1
664203,"Else, Somebody",,64.7%,1,1,0,1,0,1,1,1,1,0,0,1,1,1,1,1,1,1,0,1,1,1,3,1,1
449543,"Atall, Nobody",,44.1%,1,1,0,0,1,1,0,0,1,0,1,0,1,1,0,1,0,1,0,1,1,1,0,2,0
344213,"Body, Some",,52.9%,1,1,0,1,0,0,1,1,0,1,0,0,0,1,1,1,0,0,1,1,0,1,1,2,3
414277,"Else, Somebody",,41.2%,1,0,0,0,0,0,0,0,1,1,1,0,1,1,0,1,0,1,1,1,0,0,1,2,1
928947,"Atall, Nobody",,50.0%,0,1,1,0,1,0,0,0,1,1,0,0,1,1,1,1,0,0,0,1,0,0,3,2,2
378685,"Body, Some",,50.0%,1,0,0,1,0,1,1,0,1,0,0,1,0,0,0,1,1,1,0,0,0,0,3,4,1
640741,"Else, Somebody",,44.1%,1,1,0,1,1,0,1,1,0,0,1,0,0,0,0,0,0,0,1,1,0,1,3,0,2
116544,"Atall, Nobody",,44.1%,0,0,0,0,0,1,1,1,1,0,1,1,0,1,1,0,0,0,0,0,1,1,1,3,1
336879,"Body, Some",,44.1%,0,1,1,0,1,0,1,1,0,0,0,0,1,0,0,0,0,1,1,0,0,1,1,2,3
243032,"Else, Somebody",,61.8%,1,1,1,1,1,0,0,1,1,1,0,1,1,0,0,1,1,0,0,0,0,1,2,3,3
920919,"Atall, Nobody",,26.5%,0,1,0,0,1,1,0,0,0,1,0,0,0,0,0,1,0,0,1,1,0,0,0,1,1
423605,"Body, Some",,67.6%,1,0,1,1,1,0,0,0,1,1,1,1,1,0,1,0,0,0,1,0,1,1,4,2,4
720365,"Else, Somebody",,61.8%,1,1,1,0,1,0,1,1,0,1,1,1,1,0,0,1,1,0,0,1,1,0,2,4,1
476894,"Atall, Nobody",,61.8%,1,1,0,1,1,1,1,0,0,1,0,1,0,1,0,1,0,1,0,0,1,1,4,2,2
769342,"Body, Some",,47.1%,0,0,0,0,0,1,0,1,1,0,0,0,1,0,0,1,1,1,0,0,0,1,4,3,1
707421,"Else, Somebody",,52.9%,0,0,1,0,1,1,1,0,1,0,0,0,0,1,0,1,1,0,1,1,1,1,2,3,1
478123,"Atall, Nobody",,64.7%,0,1,0,1,1,1,1,1,1,1,1,1,0,1,0,1,1,0,0,1,0,0,4,3,1
331611,"Body, Some",,50.0%,1,1,1,1,0,0,1,0,0,0,1,0,1,1,0,0,0,0,1,1,0,0,3,1,3
455143,"Else, Somebody",,61.8%,1,1,1,0,1,0,0,1,1,0,1,1,1,1,0,1,1,0,0,0,1,1,3,4,0
894345,"Atall, Nobody",,47.1%,1,0,0,1,1,1,0,0,1,1,1,0,0,0,0,0,0,1,0,1,1,1,0,4,1
814148,"Body, Some",,52.9%,0,1,1,0,1,1,1,0,1,0,1,1,0,1,1,0,0,0,1,1,0,0,2,1,3
759826,"Else, Somebody",,55.9%,1,1,0,1,1,0,0,0,0,0,1,0,1,1,1,0,1,1,1,1,1,1,3,0,2
943970,"Atall, Nobody",,35.3%,0,0,1,0,1,0,0,0,0,1,1,0,1,0,1,0,0,1,0,1,0,1,0,0,3
625507,"Body, Some",,50.0%,0,1,1,1,0,0,0,0,1,0,0,1,1,1,1,0,1,0,1,0,1,0,3,2,1
301132,"Else, Somebody",,55.9%,0,0,1,1,0,0,0,0,0,1,1,0,1,0,1,0,1,1,1,1,1,0,3,4,1
608729,"Atall, Nobody",,50.0%,0,1,1,0,0,1,0,0,1,1,0,1,0,0,1,1,1,1,0,0,1,0,0,4,2
138694,"Body, Some",,44.1%,0,0,0,1,1,0,0,0,1,1,0,1,0,0,0,0,0,0,1,1,1,1,2,2,2
913341,"Else, Somebody",,55.9%,0,1,0,1,0,0,0,1,1,0,1,0,0,1,1,1,1,1,1,0,1,1,3,2,1
865618,"Atall, Nobody",,35.3%,0,0,0,0,1,0,0,1,0,1,1,0,1,0,1,0,0,0,0,0,0,1,0,3,2
165446,"Body, Some",,44.1%,0,1,0,0,1,1,1,0,1,0,0,0,0,1,1,1,0,1,0,1,0,1,1,1,2
794573,"Else, Somebody",,50.0%,1,0,0,0,1,1,1,0,0,0,0,1,1,1,1,0,1,0,1,1,0,0,1,4,1
672373,"Atall, Nobody",,41.2%,0,0,1,0,0,0,0,1,1,0,1,0,0,0,1,0,0,1,1,0,0,0,2,2,3
334060,"Body, Some",,58.8%,1,0,1,0,1,1,1,0,1,0,0,1,1,1,0,0,1,1,0,0,1,1,0,3,4
951509,"Else, Somebody",,47.1%,0,0,0,1,1,1,1,0,1,1,1,0,0,0,0,0,0,0,1,1,1,0,2,3,1
167017,"Atall, Nobody",,41.2%,1,0,1,0,0,1,0,0,0,0,0,1,0,0,0,0,0,1,1,0,1,1,1,1,4
478921,"Body, Some",,55.9%,0,0,0,1,1,1,1,1,0,0,1,0,1,0,1,0,0,0,0,1,0,1,4,1,4
281029,"Else, Somebody",,44.1%,0,0,0,0,1,0,1,1,1,0,0,1,0,1,1,0,0,1,0,1,0,0,2,2,2
956147,"Atall, Nobody",,61.8%,1,1,1,1,0,0,1,1,1,1,1,1,0,1,1,0,1,1,1,0,0,0,3,2,1
967133,"Body, Some",,47.1%,0,0,0,0,1,0,0,1,1,0,0,0,0,0,0,1,1,0,0,0,0,1,4,4,2
909634,"Else, Somebody",,35.3%,1,0,1,0,1,0,0,0,0,0,0,1,0,0,0,1,1,1,0,1,0,0,3,1,0
175851,"Atall, Nobody",,41.2%,0,0,1,1,1,0,1,1,1,0,1,0,0,1,0,0,0,0,1,0,1,0,0,3,1
762289,"Body, Some",,58.8%,1,0,0,1,1,1,1,1,1,0,1,1,1,1,0,0,1,1,1,1,0,0,3,1,1
898615,"Else, Somebody",,52.9%,0,1,0,0,1,1,0,0,1,1,0,1,0,1,0,0,1,1,0,0,1,0,4,2,2
141077,"Atall, Nobody",,55.9%,0,1,0,1,1,0,0,1,1,1,0,0,0,1,1,0,0,0,0,0,1,1,4,2,3
583630,"Body, Some",,58.8%,1,1,0,1,1,1,1,0,0,1,0,0,1,1,0,0,1,1,0,1,0,1,3,3,1
852462,"Else, Somebody",,50.0%,1,0,1,1,0,0,0,1,0,1,1,0,0,1,0,1,1,1,0,1,1,0,2,3,0
573030,"Atall, Nobody",,50.0%,1,1,0,0,0,0,1,0,0,1,1,0,0,1,1,0,1,1,1,0,1,0,2,2,2
835690,"Body, Some",,44.1%,1,0,0,0,1,1,0,1,0,0,1,1,1,1,1,0,0,0,0,0,0,0,3,2,1
882561,"Else, Somebody",,47.1%,1,1,1,1,1,1,0,1,0,0,1,1,1,1,0,1,0,0,0,0,1,0,3,0,0
355127,"Atall, Nobody",,64.7%,1,0,1,1,0,1,1,1,1,0,0,1,1,1,1,0,1,1,0,1,1,1,2,0,4
460599,"Body, Some",,44.1%,1,0,1,1,0,1,1,0,0,1,0,1,1,1,0,1,0,1,0,0,0,1,0,0,3
996666,"Else, Somebody",,55.9%,1,1,1,0,1,0,0,0,1,1,0,0,0,0,0,1,0,1,0,0,1,0,3,4,3
552447,"Atall, Nobody",,67.6%,0,0,1,0,0,1,0,1,0,1,1,1,1,0,0,0,1,1,1,0,1,1,3,4,4
248018,"Body, Some",,67.6%,1,1,1,1,0,1,1,0,1,0,0,1,1,0,0,1,1,0,0,1,1,0,4,3,3
448089,"Else, Somebody",,35.3%,0,0,1,0,1,1,1,0,0,1,1,0,0,1,1,0,1,0,1,0,0,0,1,1,0
468766,"Atall, Nobody",,64.7%,1,1,1,1,0,1,1,1,0,1,1,0,1,0,0,0,0,1,0,0,0,0,4,4,3
274812,"Body, Some",,41.2%,1,0,1,1,0,0,0,0,1,1,1,1,0,0,0,0,1,0,0,1,1,1,0,1,2
610344,"Else, Somebody",,47.1%,0,1,0,1,1,0,0,1,1,1,1,1,1,1,1,0,1,0,0,0,1,0,0,1,2
792052,"Atall, Nobody",,55.9%,0,1,0,0,1,0,1,1,1,0,0,1,0,1,0,0,1,1,0,1,1,0,4,2,2
833633,"Body, Some",,47.1%,0,1,0,1,1,0,1,0,1,1,0,1,1,1,1,0,0,0,0,0,0,1,2,1,2
284984,"Else, Somebody",,41.2%,0,0,0,0,1,1,1,0,0,0,0,0,0,0,1,0,0,0,1,1,0,1,1,4,2
371102,"Atall, Nobody",,50.0%,0,0,1,0,1,0,1,1,0,0,1,0,0,0,1,1,1,1,1,1,0,0,2,2,2
555427,"Body, Some",,52.9%,1,1,1,1,1,0,0,1,0,1,1,1,1,1,0,1,1,0,0,0,0,1,1,1,2
624169,"Else, Somebody",,50.0%,1,1,1,1,1,1,1,0,0,0,1,1,0,1,1,1,0,0,1,0,1,0,2,0,1
906238,"Atall, Nobody",,32.4%,0,1,0,0,0,1,1,0,1,0,1,0,0,1,0,0,0,1,0,0,0,0,1,1,2
971091,"Body, Some",,70.6%,1,0,1,1,1,1,1,0,0,1,0,0,1,1,1,1,1,0,1,1,1,0,4,2,3
959573,"Else, Somebody",,32.4%,0,0,1,0,0,0,1,0,0,0,1,0,0,1,0,1,0,0,1,0,0,1,2,1,1
346958,"Atall, Nobody",,52.9%,0,0,0,0,1,1,1,0,0,1,0,0,0,1,1,1,1,0,0,1,1,1,1,3,3
725942,"Body, Some",,58.8%,0,1,1,1,1,1,1,0,1,0,1,0,0,0,1,1,0,1,0,0,1,0,2,3,3
724869,"Else, Somebody",,58.8%,0,1,1,1,0,0,1,1,1,0,1,1,1,1,0,1,1,0,1,0,0,0,3,2,2
832974,"Atall, Nobody",,58.8%,0,1,0,1,1,1,1,0,0,0,1,0,0,1,1,1,1,1,1,0,1,0,2,3,2
392552,"Body, Some",,52.9%,0,1,0,1,1,1,1,0,0,0,1,1,0,1,0,0,0,1,1,0,1,0,3,4,0
203915,"Else, Somebody",,32.4%,0,0,0,0,1,0,0,0,0,0,0,0,1,1,1,1,1,0,0,0,1,0,2,2,0
612221,"Atall, Nobody",,41.2%,0,1,0,1,0,1,0,1,0,1,0,0,0,1,1,0,0,1,1,0,0,1,1,1,2
174550,"Body, Some",,32.4%,1,0,0,0,0,1,0,1,0,0,0,0,1,1,0,1,0,0,0,1,0,0,0,0,4
698565,"Else, Somebody",,41.2%,1,0,0,0,0,0,0,0,0,0,0,0,0,0,0,1,1,1,1,1,1,0,1,3,3
219779,"Atall, Nobody",,44.1%,1,1,0,0,1,0,0,1,0,0,0,0,0,1,0,1,0,0,1,1,1,0,3,0,3
287992,"Body, Some",,61.8%,1,1,1,1,1,0,0,1,0,1,0,0,1,0,1,0,0,1,0,0,1,1,3,2,4
153118,"Else, Somebody",,44.1%,0,1,0,0,0,0,1,0,0,1,0,1,1,1,0,0,0,0,1,0,1,1,4,2,0
784736,"Atall, Nobody",,58.8%,0,1,0,1,0,1,0,1,1,0,0,1,1,1,0,1,1,0,0,0,1,1,3,2,3
536669,"Body, Some",,38.2%,1,1,0,1,0,1,0,1,0,0,0,1,0,1,0,0,0,0,1,0,0,1,2,0,2
562234,"Else, Somebody",,58.8%,0,1,1,1,0,1,1,1,0,1,0,0,0,1,1,0,1,0,0,1,1,0,2,2,4
962888,"Atall, Nobody",,64.7%,1,1,1,0,1,0,1,1,1,0,0,1,0,0,1,1,0,0,0,1,1,1,4,2,3
899480,"Body, Some",,47.1%,0,0,1,0,1,1,1,1,0,1,1,0,0,0,0,0,1,0,1,1,1,0,1,3,1
869525,"Else, Somebody",,52.9%,1,1,1,0,0,0,0,0,1,0,1,0,0,1,1,1,0,1,1,0,1,1,1,2,3
520857,"Atall, Nobody",,50.0%,0,0,0,0,0,0,0,1,0,0,1,1,0,1,1,1,1,0,1,1,0,1,4,0,3
614801,"Body, Some",,44.1%,1,0,1,0,1,1,1,0,0,0,1,0,0,0,0,1,0,1,0,0,0,1,1,3,2
763954,"Else, Somebody",,55.9%,0,1,1,0,0,0,1,1,1,1,1,0,1,1,0,1,1,1,0,0,1,0,3,1,2
582847,"Atall, Nobody",,61.8%,1,1,1,1,1,1,1,0,1,0,1,1,0,0,0,1,0,0,1,1,1,1,3,2,1
378012,"Body, Some",,64.7%,1,1,0,1,1,0,0,1,0,0,1,1,0,1,1,1,0,1,1,1,1,0,3,3,2
124834,"Else, Somebody",,44.1%,0,0,1,0,0,0,0,1,0,1,1,0,0,1,0,0,0,1,0,1,1,1,0,4,2
748902,"Atall, Nobody",,50.0%,1,0,1,0,0,1,0,1,0,1,1,0,1,1,1,0,0,0,0,0,1,0,1,3,3
865893,"Body, Some",,47.1%,1,1,0,0,0,0,0,0,0,1,0,0,0,1,0,1,1,1,1,1,1,0,3,1,2
117622,"Else, Somebody",,44.1%,0,0,0,1,0,1,1,0,0,0,0,1,0,1,0,1,0,0,1,0,1,1,2,3,1
353564,"Atall, Nobody",,64.7%,1,0,1,1,0,1,1,1,1,1,0,1,0,1,1,1,1,0,0,1,1,0,2,1,4
162712,"Body, Some",,52.9%,0,0,1,1,0,0,1,0,1,1,1,1,1,0,0,1,1,0,0,0,0,1,3,1,3
291481,"Else, Somebody",,44.1%,1,1,0,0,1,1,0,0,0,1,1,0,1,0,1,0,1,0,0,0,0,0,3,1,2
857043,"Atall, Nobody",,38.2%,1,1,1,1,1,0,0,0,0,0,1,1,0,0,1,0,0,1,0,0,0,0,2,2,0
177880,"Body, Some",,55.9%,0,0,0,1,1,0,1,0,0,1,1,1,0,1,1,1,0,1,1,1,0,0,1,4,2
352111,"Else, Somebody",,38.2%,0,0,1,0,0,1,0,0,0,1,1,0,1,1,0,0,0,1,0,1,1,0,2,2,0
316564,"Atall, Nobody",,41.2%,1,0,1,1,0,0,0,0,1,1,0,0,1,0,1,0,1,1,1,0,0,0,0,3,1
856690,"Body, Some",,50.0%,0,0,0,1,1,0,1,0,0,1,1,1,1,0,0,1,1,1,1,1,1,0,1,0,3
838220,"Else, Somebody",,64.7%,1,0,0,0,1,1,1,1,1,0,1,0,0,0,1,0,1,1,1,1,0,1,4,1,4
263093,"Atall, Nobody",,64.7%,0,1,0,0,0,1,0,1,1,0,1,1,1,1,0,0,0,1,1,1,1,1,2,4,3
668780,"Body, Some",,50.0%,1,1,1,0,1,0,1,1,1,1,0,1,1,0,0,0,0,1,1,0,0,0,3,1,1
433956,"Else, Somebody",,55.9%,0,1,0,1,0,1,0,0,0,1,0,1,1,0,1,1,1,0,1,1,0,0,2,3,3
959352,"Atall, Nobody",,58.8%,1,1,1,1,1,1,1,1,0,0,0,0,1,0,0,0,1,1,0,1,1,0,2,4,1
100738,"Body, Some",,47.1%,1,1,0,0,0,0,1,1,1,0,0,0,0,1,0,0,1,1,1,0,1,0,1,2,3
936865,"Else, Somebody",,35.3%,1,1,1,1,0,0,0,1,0,0,1,0,1,0,0,0,0,0,1,1,1,0,2,0,0
210849,"Atall, Nobody",,47.1%,1,1,1,1,0,0,0,0,1,0,1,0,0,1,0,1,0,1,1,0,1,0,1,1,3
547716,"Body, Some",,55.9%,0,1,1,1,0,1,1,1,1,0,0,0,1,0,0,0,1,1,0,1,1,0,3,0,4
640934,"Else, Somebody",,44.1%,1,0,1,0,0,0,1,0,0,0,1,1,0,0,1,0,0,1,0,1,1,1,4,1,0
697942,"Atall, Nobody",,35.3%,0,1,1,1,1,0,0,1,0,0,0,0,0,1,1,0,1,1,0,1,0,1,0,0,1
239521,"Body, Some",,61.8%,1,1,0,1,0,1,0,0,1,0,0,1,1,1,0,1,0,1,1,1,1,0,3,3,2
412874,"Else, Somebody",,52.9%,0,1,1,0,1,0,1,1,0,1,1,0,0,1,0,0,0,1,0,0,1,0,4,1,3
978323,"Atall, Nobody",,55.9%,1,1,0,0,0,1,0,1,1,1,0,0,0,0,0,1,1,0,1,1,1,1,4,2,1
616948,"Body, Some",,38.2%,0,0,1,1,1,0,1,0,1,0,0,0,0,0,1,0,0,0,0,0,0,0,3,1,3
387877,"Else, Somebody",,50.0%,1,1,0,1,0,1,0,0,1,0,0,0,1,0,1,0,0,1,1,0,0,0,3,3,2
993568,"Atall, Nobody",,44.1%,0,1,1,0,0,0,1,1,1,0,0,1,0,0,0,0,0,1,1,1,1,0,1,1,3
440947,"Body, Some",,41.2%,1,0,1,0,1,1,0,1,0,0,1,0,1,0,0,0,1,0,0,0,1,0,0,3,2
698888,"Else, Somebody",,47.1%,0,1,0,0,1,1,1,0,0,1,0,0,0,1,1,0,0,0,0,1,1,1,2,1,3
524017,"Atall, Nobody",,52.9%,1,0,1,1,0,0,0,0,0,1,1,1,0,0,1,1,1,0,1,0,0,0,3,1,4
686688,"Body, Some",,73.5%,0,1,1,1,1,0,1,1,1,0,0,1,1,1,1,1,1,1,0,1,1,1,3,2,3
800336,"Else, Somebody",,58.8%,0,1,0,1,1,1,1,1,0,1,1,0,0,1,1,0,0,1,1,0,1,0,1,2,4
937626,"Atall, Nobody",,50.0%,0,0,0,1,0,1,1,0,0,1,1,1,0,0,1,1,0,1,1,0,1,1,3,0,2
300842,"Body, Some",,47.1%,1,0,0,0,0,1,0,1,1,0,1,1,0,1,1,0,0,0,1,1,1,0,0,1,4
499275,"Else, Somebody",,55.9%,0,1,0,0,0,1,1,1,1,0,1,1,1,0,1,0,1,0,0,1,0,0,4,2,2
139671,"Atall, Nobody",,41.2%,1,0,0,1,1,0,1,0,0,0,0,0,0,1,1,0,1,0,0,1,0,0,1,2,3
382428,"Body, Some",,52.9%,0,0,0,0,1,1,1,1,0,0,0,0,1,1,1,1,0,0,1,0,0,0,3,4,2
731803,"Else, Somebody",,55.9%,0,0,0,1,1,1,0,1,1,0,1,1,0,1,0,1,1,0,0,1,0,1,2,2,3
957655,"Atall, Nobody",,44.1%,0,0,1,1,1,0,1,0,0,0,0,1,0,0,0,1,1,0,1,0,1,1,2,1,2
536947,"Body, Some",,47.1%,0,1,0,0,0,0,0,0,1,1,0,1,1,0,1,0,1,0,0,1,1,0,3,1,3
231441,"Else, Somebody",,61.8%,0,1,0,1,1,1,0,1,1,0,1,0,0,0,1,0,1,1,0,1,1,0,2,3,4
555337,"Atall, Nobody",,52.9%,1,0,0,0,1,0,0,1,0,1,1,0,1,0,1,1,1,1,1,1,1,0,1,2,2
403288,"Body, Some",,50.0%,0,0,1,0,1,0,1,1,1,1,0,0,1,0,0,0,1,0,1,1,0,1,0,3,3
992911,"Else, Somebody",,55.9%,0,1,0,1,0,1,0,1,0,0,1,0,0,0,1,1,1,0,0,1,0,1,3,3,3
376529,"Atall, Nobody",,29.4%,0,0,1,0,1,0,0,1,1,1,0,0,0,1,0,0,0,0,0,1,0,0,1,2,0
185910,"Body, Some",,47.1%,0,0,0,1,1,1,1,0,1,1,0,1,1,0,0,1,0,1,0,1,0,1,1,2,1
402562,"Else, Somebody",,47.1%,1,0,0,1,0,1,0,0,0,0,1,1,0,1,1,0,1,1,0,1,0,1,0,1,4
234347,"Atall, Nobody",,52.9%,1,1,0,1,0,1,1,0,1,0,1,0,0,0,0,1,1,1,1,1,1,1,1,0,3
556415,"Body, Some",,38.2%,1,0,1,1,0,0,1,1,0,0,1,0,1,1,1,1,0,1,0,0,0,0,0,1,1
221175,"Else, Somebody",,55.9%,1,1,1,1,0,1,1,1,1,1,1,0,0,0,0,1,0,1,0,1,1,0,2,1,2
946716,"Atall, Nobody",,76.5%,1,1,0,0,0,0,1,1,1,0,1,1,1,0,1,1,1,1,1,1,1,0,3,4,4
252654,"Body, Some",,52.9%,1,1,1,0,0,1,1,1,1,1,1,1,1,0,1,0,1,0,1,0,0,0,3,0,1
306018,"Else, Somebody",,47.1%,0,1,1,0,0,0,0,0,1,0,0,1,0,1,1,0,0,1,1,1,0,1,2,2,2
149433,"Atall, Nobody",,55.9%,0,1,1,1,1,0,1,0,0,1,0,1,1,1,0,1,0,0,0,0,1,1,0,4,3
674417,"Body, Some",,50.0%,0,0,1,1,1,1,0,0,0,1,1,0,0,0,0,0,1,0,0,1,1,0,3,4,1
414232,"Else, Somebody",,58.8%,1,1,0,0,0,1,1,0,1,1,1,1,1,0,0,0,1,0,0,0,1,0,4,2,3
588612,"Atall, Nobody",,50.0%,0,0,0,0,1,0,0,1,1,0,1,1,1,0,1,0,1,0,0,0,1,1,2,4,1
982603,"Body, Some",,58.8%,0,0,1,1,1,1,1,1,0,1,1,0,0,0,1,0,1,1,0,1,1,0,3,2,2
409034,"Else, Somebody",,50.0%,1,0,1,0,0,1,0,0,0,1,0,1,0,1,1,0,0,1,1,0,0,1,4,2,1
507725,"Atall, Nobody",,55.9%,1,1,1,1,0,0,0,1,1,1,1,1,1,1,1,0,1,0,0,0,1,1,1,1,2
590268,"Body, Some",,38.2%,0,0,0,0,1,1,0,0,0,1,0,1,0,0,0,0,0,1,1,0,0,1,2,3,1
388450,"Else, Somebody",,55.9%,1,0,0,0,0,1,1,1,0,0,0,0,1,1,1,1,0,1,1,1,1,0,2,4,1
557348,"Atall, Nobody",,58.8%,1,1,0,1,0,0,1,1,1,1,0,0,1,1,1,1,0,1,1,0,0,1,1,2,3
857512,"Body, Some",,64.7%,0,1,1,1,1,1,1,0,1,1,0,1,0,0,1,0,0,1,0,0,1,1,4,4,1
875598,"Else, Somebody",,38.2%,0,0,0,0,0,0,0,0,0,1,1,0,0,0,0,0,0,0,0,1,1,1,1,3,4
476213,"Atall, Nobody",,52.9%,1,1,1,1,1,1,1,0,1,0,1,0,1,0,0,1,1,0,0,0,1,1,1,1,2
738866,"Body, Some",,61.8%,0,1,1,0,1,1,1,0,0,1,0,1,0,1,1,1,1,0,1,0,0,1,2,3,3
170193,"Else, Somebody",,55.9%,1,0,1,1,1,0,1,0,1,1,1,0,0,1,1,0,0,1,0,0,0,1,2,3,2
404533,"Atall, Nobody",,47.1%,0,0,1,1,0,0,0,0,0,1,1,0,1,1,0,0,1,1,1,1,1,1,2,1,1
209332,"Body, Some",,35.3%,0,0,0,1,0,0,0,1,0,0,1,1,1,1,0,0,0,0,0,1,1,0,3,0,1
550282,"Else, Somebody",,50.0%,0,0,1,0,0,1,1,1,1,1,0,0,1,1,0,0,0,1,1,1,1,1,2,1,1
123532,"Atall, Nobody",,47.1%,1,0,1,1,1,0,1,0,0,1,1,1,0,1,1,1,0,0,0,0,0,1,1,2,1
174450,"Body, Some",,41.2%,0,0,1,1,1,0,0,0,0,1,0,0,0,1,0,1,1,0,0,1,1,0,3,1,1
877463,"Else, Somebody",,44.1%,1,1,0,0,1,0,1,1,0,0,1,1,0,0,0,0,0,1,1,0,1,0,2,2,1
171558,"Atall, Nobody",,50.0%,0,0,1,0,0,0,0,1,1,1,0,1,0,0,1,0,1,1,1,0,0,1,3,1,3
347232,"Body, Some",,44.1%,1,0,0,1,0,1,0,1,0,1,0,0,1,0,1,0,1,0,1,0,1,1,1,2,1
295270,"Else, Somebody",,44.1%,0,0,0,1,0,1,1,0,1,0,1,0,1,1,1,0,1,1,0,1,0,1,2,0,1
159561,"Atall, Nobody",,61.8%,0,1,1,1,0,1,1,0,0,1,1,1,1,0,0,0,0,0,1,0,0,1,3,4,3
143323,"Body, Some",,47.1%,1,1,0,0,1,0,0,1,0,1,0,0,1,1,0,0,1,0,0,1,1,1,1,0,4
761787,"Else, Somebody",,55.9%,0,1,0,0,1,1,1,0,0,1,1,0,0,0,1,1,1,1,0,1,1,0,3,1,3
543507,"Atall, Nobody",,29.4%,0,0,1,0,0,0,0,0,1,1,0,0,0,0,0,0,0,1,1,1,0,0,1,1,2
354258,"Body, Some",,47.1%,1,1,1,0,1,0,1,0,1,0,0,0,0,0,0,0,1,1,0,1,1,1,2,2,1
836478,"Else, Somebody",,38.2%,1,0,0,0,1,1,0,0,0,0,1,0,1,1,1,0,0,1,1,0,0,1,1,0,2
670450,"Atall, Nobody",,44.1%,1,1,1,0,0,0,1,0,1,0,1,1,1,1,0,0,1,0,0,1,1,0,1,0,2
479680,"Body, Some",,50.0%,0,0,1,1,0,0,1,1,1,0,1,0,0,0,0,1,0,0,1,0,0,1,3,4,1
954242,"Else, Somebody",,44.1%,1,1,1,1,0,0,0,0,0,0,0,0,0,0,0,1,0,1,0,0,0,1,3,2,3
671891,"Atall, Nobody",,50.0%,0,0,1,0,1,0,1,0,0,0,1,0,1,1,1,0,1,1,1,0,0,1,4,2,0
989131,"Body, Some",,55.9%,0,0,1,1,0,0,1,0,1,1,0,1,1,1,1,0,0,1,1,0,1,1,3,1,2
243754,"Else, Somebody",,32.4%,1,1,0,1,0,0,0,1,0,0,0,0,0,1,0,1,1,0,1,0,0,0,2,1,0
833613,"Atall, Nobody",,64.7%,0,1,1,0,1,1,1,1,0,1,1,0,1,0,1,1,1,0,1,1,1,0,2,3,2
522366,"Body, Some",,61.8%,1,0,0,0,1,1,1,0,1,1,1,1,1,1,1,1,1,1,0,0,1,1,0,3,2
126025,"Else, Somebody",,52.9%,1,1,0,0,1,1,1,0,1,0,1,0,1,0,1,1,1,0,1,0,0,0,1,3,2
362679,"Atall, Nobody",,47.1%,0,0,0,1,1,0,1,0,1,1,0,0,1,0,1,0,0,0,0,1,0,0,2,4,2
665095,"Body, Some",,41.2%,1,0,1,0,0,0,1,0,1,0,0,1,0,0,0,0,0,1,1,0,0,0,2,2,3
127118,"Else, Somebody",,41.2%,0,1,1,0,1,0,0,0,1,1,0,0,0,0,0,1,1,1,1,1,0,0,2,0,2
837036,"Atall, Nobody",,58.8%,1,0,1,1,1,1,1,1,1,0,1,0,1,1,0,1,1,1,0,0,1,1,0,2,2
203128,"Body, Some",,35.3%,0,0,1,0,1,0,0,1,1,1,0,0,0,1,1,0,0,0,1,1,0,0,1,0,2
123196,"Else, Somebody",,58.8%,1,0,1,0,0,1,1,1,0,1,1,0,1,1,0,1,1,1,1,1,0,1,3,1,1
601637,"Atall, Nobody",,61.8%,1,1,1,0,0,1,1,0,0,1,1,0,0,1,1,0,0,1,0,0,1,1,2,3,4
808962,"Body, Some",,41.2%,0,1,1,0,0,0,0,0,1,0,1,0,0,0,1,1,0,1,1,1,0,1,0,2,2
629807,"Else, Somebody",,67.6%,1,1,0,1,1,1,1,0,0,1,0,1,0,1,1,1,0,0,1,1,0,0,4,3,3
483369,"Atall, Nobody",,61.8%,0,1,0,0,0,1,1,1,0,0,1,0,0,1,1,1,1,0,0,0,1,1,4,4,2
554887,"Body, Some",,41.2%,1,0,0,0,0,1,0,0,1,1,0,1,1,0,0,0,0,0,1,0,1,1,1,3,1
535791,"Else, Somebody",,58.8%,0,1,1,1,0,0,0,1,0,1,1,1,1,1,0,1,1,1,0,1,1,0,0,2,4
286284,"Atall, Nobody",,41.2%,0,0,0,0,0,1,1,0,1,0,0,0,0,0,0,0,1,1,1,0,0,1,3,1,3
529258,"Body, Some",,44.1%,0,1,0,1,0,1,0,0,1,0,0,0,1,0,0,0,0,0,1,0,1,1,3,1,3
276910,"Else, Somebody",,44.1%,0,1,0,1,0,0,0,0,1,1,1,1,1,1,0,1,0,0,0,0,0,0,4,1,1
567978,"Atall, Nobody",,32.4%,0,1,0,0,0,1,1,0,1,0,1,0,1,0,0,0,0,0,0,0,1,1,1,1,1
438481,"Body, Some",,50.0%,0,1,1,0,1,0,1,1,1,1,1,0,1,0,1,0,1,1,0,1,0,0,1,0,3
740287,"Else, Somebody",,50.0%,1,1,0,1,0,1,0,1,0,0,1,0,1,0,1,1,1,1,0,0,0,0,2,3,1
123005,"Atall, Nobody",,41.2%,0,0,0,1,0,1,0,1,1,0,0,0,1,1,0,1,0,0,0,1,0,1,4,0,1
204205,"Body, Some",,50.0%,0,0,1,1,1,1,0,1,0,0,1,1,1,1,0,0,1,0,1,0,1,0,1,3,1
947426,"Else, Somebody",,52.9%,0,1,1,1,1,0,0,1,1,1,1,1,0,0,1,0,0,1,1,1,1,0,4,0,0
215070,"Atall, Nobody",,47.1%,1,0,1,1,0,0,0,1,0,1,1,0,0,1,0,0,0,0,0,0,1,1,3,2,2
699718,"Body, Some",,58.8%,1,1,0,0,0,1,0,0,1,1,1,0,1,0,1,1,0,1,0,0,0,0,4,2,4
212223,"Else, Somebody",,55.9%,0,0,1,1,1,0,0,0,0,0,0,0,1,0,0,0,1,0,0,1,1,1,4,3,4
738948,"Atall, Nobody",,55.9%,1,0,1,0,0,0,1,0,1,1,1,0,0,1,1,0,1,0,1,0,1,0,3,2,3
133595,"Body, Some",,64.7%,0,0,1,0,1,0,0,1,1,0,1,1,1,1,1,0,0,1,1,1,0,0,2,4,4
860668,"Else, Somebody",,32.4%,0,0,0,0,1,1,0,0,0,1,0,0,0,1,0,1,0,1,0,0,0,1,0,2,2
647934,"Atall, Nobody",,35.3%,0,1,1,0,1,1,1,0,0,1,0,0,0,0,0,1,0,1,1,0,0,0,0,1,2
906846,"Body, Some",,58.8%,1,1,0,0,0,0,1,0,1,0,0,1,1,1,0,1,0,1,1,1,0,1,3,2,3
819872,"Else, Somebody",,52.9%,0,0,1,0,1,0,1,0,0,0,1,1,1,0,1,1,1,0,0,0,0,1,4,1,3
253916,"Atall, Nobody",,23.5%,0,1,1,0,0,0,0,1,0,0,1,1,0,0,0,0,0,0,0,1,0,0,1,1,0
387386,"Body, Some",,52.9%,0,1,1,1,1,0,0,1,0,0,1,1,0,0,0,1,1,1,1,1,1,0,0,4,1
485760,"Else, Somebody",,41.2%,0,0,1,1,0,0,1,0,0,0,0,1,0,0,1,0,0,1,1,1,0,0,3,3,0
720929,"Atall, Nobody",,55.9%,1,0,1,1,1,0,0,1,1,0,1,0,1,1,0,0,0,1,1,1,1,0,4,0,2
203006,"Body, Some",,47.1%,1,1,0,0,0,0,1,1,1,1,0,0,0,0,1,0,0,0,1,0,0,1,4,2,1
941829,"Else, Somebody",,55.9%,1,1,1,1,1,1,1,0,0,1,0,0,0,1,1,0,0,1,0,0,0,1,3,1,3
813477,"Atall, Nobody",,55.9%,1,1,1,0,1,0,0,1,0,1,0,0,1,0,0,0,1,0,0,1,1,1,2,3,3
612130,"Body, Some",,70.6%,0,0,0,1,1,0,1,1,1,1,1,1,1,0,1,1,1,1,1,1,0,0,3,3,3
315894,"Else, Somebody",,41.2%,1,0,0,1,1,0,0,0,0,0,1,1,1,1,1,0,0,0,0,0,0,1,1,2,2
999968,"Atall, Nobody",,50.0%,0,1,0,1,0,1,1,1,1,1,1,1,0,0,0,0,1,0,1,0,0,0,3,3,0
469978,"Body, Some",,61.8%,0,0,1,1,1,1,0,1,1,1,0,0,1,0,1,1,0,0,0,1,1,1,3,1,4
414197,"Else, Somebody",,47.1%,0,0,1,0,0,1,1,1,1,0,1,1,0,0,0,0,0,0,0,1,0,1,3,1,3
201259,"Atall, Nobody",,44.1%,0,0,0,1,0,0,1,1,1,0,1,1,0,1,1,0,0,1,0,0,0,1,2,1,2
205843,"Body, Some",,35.3%,0,0,0,0,0,0,0,0,0,1,0,0,0,0,0,0,0,1,1,0,0,1,2,2,4
798069,"Else, Somebody",,50.0%,0,0,0,1,1,0,0,1,0,1,0,0,0,1,0,1,1,0,0,1,1,0,2,2,4
886512,"Atall, Nobody",,55.9%,1,1,0,1,1,1,1,1,1,1,1,0,0,0,1,1,1,0,1,1,0,0,2,1,1
910597,"Body, Some",,29.4%,0,0,0,0,1,0,1,0,0,1,0,1,0,1,0,0,1,1,1,1,1,0,0,0,0
798677,"Else, Somebody",,52.9%,1,1,1,0,1,1,1,0,0,1,0,0,0,0,1,1,0,1,1,0,0,1,3,1,2
652825,"Atall, Nobody",,61.8%,1,1,1,0,1,1,0,1,1,1,1,0,0,0,1,1,1,1,1,0,0,1,0,3,3
756836,"Body, Some",,58.8%,1,1,1,0,0,0,1,0,1,1,1,0,0,0,1,0,1,0,1,1,0,1,3,2,3
417973,"Else, Somebody",,47.1%,1,0,0,1,1,1,0,0,1,1,1,0,0,1,1,1,0,1,0,0,0,1,1,0,3
572258,"Atall, Nobody",,55.9%,1,0,1,1,0,1,1,1,1,1,1,1,1,1,0,1,0,1,1,0,1,1,1,0,1
998354,"Body, Some",,41.2%,0,1,1,1,1,0,0,1,0,1,0,0,1,0,1,0,1,0,0,0,1,1,3,0,0
373630,"Else, Somebody",,58.8%,1,1,1,1,0,1,1,1,0,1,0,1,1,1,0,0,1,1,0,0,0,1,1,3,2
436884,"Atall, Nobody",,50.0%,1,1,0,0,0,0,0,1,1,0,0,0,1,1,1,1,1,1,1,0,1,1,0,3,1
432126,"Body, Some",,52.9%,0,1,0,1,1,0,1,0,1,1,0,0,0,1,0,0,0,0,1,0,1,1,4,4,0
118064,"Else, Somebody",,55.9%,1,1,1,0,0,1,1,0,1,1,1,0,0,0,0,0,1,0,0,1,1,1,3,4,0
676176,"Atall, Nobody",,50.0%,0,1,1,0,0,1,1,0,1,0,0,0,1,1,0,0,0,1,0,1,0,0,2,3,3
353443,"Body, Some",,50.0%,1,0,0,1,0,0,1,0,1,1,1,0,0,1,0,0,0,1,0,1,1,0,1,4,2
460476,"Else, Somebody",,32.4%,1,0,0,0,0,0,0,1,0,0,1,0,1,1,0,0,0,0,1,0,0,1,1,3,0
493748,"Atall, Nobody",,52.9%,0,0,1,1,0,0,0,1,0,1,0,1,0,0,1,1,0,0,0,0,0,1,4,2,4
574131,"Body, Some",,58.8%,0,0,1,0,1,1,1,1,1,1,1,0,0,1,0,0,0,1,1,0,1,1,2,1,4
693169,"Else, Somebody",,44.1%,0,0,0,1,0,1,0,1,0,1,1,0,1,1,0,1,1,0,0,1,0,0,3,1,1
808178,"Atall, Nobody",,52.9%,0,0,0,0,0,1,0,0,1,1,1,0,0,1,0,1,0,1,1,1,1,0,3,1,4
844020,"Body, Some",,44.1%,1,1,0,0,0,1,1,0,0,1,1,1,0,1,1,1,0,0,0,0,1,1,2,0,1
985958,"Else, Somebody",,61.8%,1,1,1,1,0,0,1,1,0,1,1,0,1,1,0,0,1,0,0,0,1,1,3,3,2
830913,"Atall, Nobody",,55.9%,0,1,1,1,1,1,0,0,1,0,0,0,1,1,1,0,0,1,1,0,1,0,4,3,0
522594,"Body, Some",,32.4%,1,1,0,0,0,0,0,0,1,0,1,0,1,0,0,0,1,1,0,0,1,1,0,2,0
941308,"Else, Somebody",,50.0%,1,0,1,1,0,0,1,0,1,1,1,1,0,1,1,1,0,1,1,0,0,0,2,0,2
967729,"Atall, Nobody",,44.1%,1,0,0,1,1,0,1,0,1,0,1,0,0,1,0,0,1,1,1,0,0,1,0,2,2
418170,"Body, Some",,47.1%,0,1,0,0,1,1,1,1,1,1,0,0,1,1,1,0,1,0,1,1,0,0,0,3,0
696222,"Else, Somebody",,52.9%,1,0,1,0,1,0,0,0,1,1,0,1,1,0,0,1,0,1,0,0,0,1,3,4,1
252151,"Atall, Nobody",,61.8%,1,1,0,0,0,1,1,1,1,0,1,1,1,0,1,0,0,1,0,0,1,1,3,1,4
558608,"Body, Some",,52.9%,1,0,1,1,1,1,1,0,1,1,0,1,0,0,1,1,0,1,0,0,0,1,0,2,3
208874,"Else, Somebody",,50.0%,1,1,1,0,1,0,1,1,1,1,0,0,1,1,0,0,0,1,1,1,0,1,1,0,2
253297,"Atall, Nobody",,52.9%,1,1,1,0,1,0,0,0,1,1,1,0,0,0,0,1,1,0,0,0,1,1,3,3,1
726561,"Body, Some",,47.1%,0,0,0,0,1,1,1,0,1,1,1,1,1,1,0,0,1,0,0,1,1,0,2,1,1
651171,"Else, Somebody",,52.9%,1,0,1,0,0,0,1,0,1,0,0,0,1,1,1,0,1,1,0,0,0,1,1,4,3
251110,"Atall, Nobody",,47.1%,0,1,1,0,0,1,1,1,0,1,1,0,0,0,1,0,1,1,1,0,0,1,1,2,1
590262,"Body, Some",,58.8%,1,0,1,1,1,1,1,1,0,0,1,0,1,0,1,0,1,1,1,0,1,0,3,1,2
345270,"Else, Somebody",,50.0%,0,0,0,0,1,0,1,1,1,1,1,1,1,0,1,0,0,1,0,0,0,1,2,3,1
248443,"Atall, Nobody",,35.3%,0,1,0,1,0,0,0,0,0,1,1,0,1,0,0,0,1,1,1,0,0,0,2,1,1
186358,"Body, Some",,38.2%,0,1,1,0,1,0,1,0,0,1,0,0,0,1,1,0,1,0,0,1,1,0,0,2,1
629715,"Else, Somebody",,47.1%,0,0,0,1,0,0,0,1,1,0,0,1,0,0,0,0,1,1,0,1,1,0,1,3,4
710034,"Atall, Nobody",,44.1%,0,0,0,0,0,0,0,1,0,1,1,1,1,0,1,0,1,1,1,0,0,1,2,3,0
634656,"Body, Some",,38.2%,0,1,0,0,1,1,0,0,0,1,0,0,1,1,1,0,0,0,1,0,1,1,2,0,1
308091,"Else, Somebody",,61.8%,1,1,0,1,1,1,1,1,0,1,0,0,1,1,0,0,1,0,1,1,0,1,2,3,2
406605,"Atall, Nobody",,52.9%,0,0,1,0,1,1,1,1,1,0,1,0,1,1,1,1,1,0,1,1,0,0,1,2,1
497219,"Body, Some",,52.9%,0,1,0,1,1,0,0,1,0,0,1,0,1,0,1,1,1,1,0,0,1,1,1,4,1
359732,"Else, Somebody",,50.0%,1,1,0,0,1,1,0,1,0,0,1,0,1,1,0,1,0,1,1,0,0,1,1,2,2
581236,"Atall, Nobody",,52.9%,1,1,0,0,0,0,0,0,1,1,0,1,0,0,0,0,0,1,1,1,1,1,2,4,2
254469,"Body, Some",,67.6%,1,0,1,0,1,0,0,1,1,0,1,0,0,1,1,1,1,1,1,0,1,1,2,3,4
668239,"Else, Somebody",,44.1%,0,0,0,1,1,0,1,0,1,1,1,1,1,0,0,1,0,0,1,1,0,0,1,1,2
725973,"Atall, Nobody",,58.8%,1,0,0,0,0,1,1,1,1,1,1,0,0,1,0,0,0,1,1,1,1,0,2,3,3
607631,"Body, Some",,35.3%,0,1,0,0,1,0,1,0,1,0,0,1,0,0,1,0,1,0,0,0,0,0,2,2,1
453373,"Else, Somebody",,58.8%,1,1,0,1,1,0,0,0,0,1,0,0,1,0,1,1,1,1,1,0,0,1,2,3,3
828277,"Atall, Nobody",,50.0%,1,0,0,0,1,1,1,0,0,0,1,0,0,1,0,0,1,0,0,1,0,1,2,4,2
509412,"Body, Some",,50.0%,0,0,1,1,0,1,0,0,1,1,0,1,1,0,1,0,0,1,1,1,1,1,0,0,4
368632,"Else, Somebody",,41.2%,0,0,0,1,0,1,0,1,0,1,1,1,0,0,1,1,0,1,0,0,0,1,2,1,1
631162,"Atall, Nobody",,41.2%,1,0,0,0,0,1,0,0,0,1,1,0,0,1,1,1,1,1,1,0,0,0,1,2,1
963070,"Body, Some",,52.9%,0,0,0,1,1,0,1,0,1,0,0,1,1,0,1,0,0,1,0,1,0,1,2,3,3
136242,"Else, Somebody",,50.0%,0,0,0,1,0,1,1,0,1,1,1,0,1,0,0,0,0,1,0,1,1,1,4,1,1
517056,"Atall, Nobody",,55.9%,1,0,1,0,0,0,0,1,0,1,1,1,1,0,0,0,0,1,0,0,0,0,3,4,4
249008,"Body, Some",,44.1%,0,1,0,1,1,0,0,1,1,0,0,1,0,1,0,1,0,0,0,0,1,1,3,2,0
395408,"Else, Somebody",,41.2%,0,0,0,0,1,1,0,0,1,0,0,0,1,1,0,1,1,0,0,0,0,0,4,2,1
244722,"Atall, Nobody",,64.7%,1,1,1,1,0,1,1,1,1,0,0,0,0,1,0,1,1,1,0,1,1,0,2,3,3
678591,"Body, Some",,52.9%,1,0,0,0,1,1,0,1,1,1,0,1,0,1,1,1,1,0,1,1,1,1,0,1,2
791721,"Else, Somebody",,35.3%,0,0,0,0,0,1,0,1,1,0,0,1,0,0,0,0,1,0,1,1,1,0,0,2,2
515869,"Atall, Nobody",,38.2%,0,0,1,0,0,0,0,1,0,0,0,0,0,1,1,1,0,0,0,1,0,1,1,1,4
117225,"Body, Some",,61.8%,1,1,1,1,1,1,1,0,1,0,1,0,0,1,1,1,1,1,1,1,0,0,2,3,0
234786,"Else, Somebody",,52.9%,0,1,0,0,1,1,0,1,0,1,0,1,0,1,0,0,1,0,1,0,0,1,2,2,4
534109,"Atall, Nobody",,32.4%,1,0,1,1,0,0,0,0,0,1,0,0,1,0,1,0,0,0,0,0,1,0,3,0,1
993338,"Body, Some",,55.9%,1,0,1,1,1,0,0,1,1,0,0,0,1,0,0,0,1,0,1,1,1,1,2,4,1
886115,"Else, Somebody",,58.8%,1,1,1,0,1,1,1,1,1,0,0,0,0,0,0,1,1,0,1,1,1,1,2,1,3
928030,"Atall, Nobody",,38.2%,1,0,0,0,1,1,0,1,1,0,1,0,0,1,0,0,0,0,1,1,1,0,2,1,0
780389,"Body, Some",,64.7%,1,1,0,0,0,1,1,0,1,0,1,1,0,1,1,0,0,0,0,1,1,1,4,3,3
110191,"Else, Somebody",,50.0%,1,0,1,1,0,1,1,0,1,0,0,1,0,1,0,1,1,1,0,0,0,1,2,2,1
762984,"Atall, Nobody",,67.6%,1,0,1,1,0,0,1,1,1,1,1,0,1,1,1,1,0,0,1,1,0,1,2,4,2
588310,"Body, Some",,52.9%,0,1,1,0,0,1,1,1,1,0,0,1,1,0,0,0,1,1,0,1,1,1,4,0,1
478482,"Else, Somebody",,47.1%,0,0,0,0,1,1,0,0,0,1,0,1,0,0,0,0,1,1,1,1,1,1,1,3,2
741252,"Atall, Nobody",,55.9%,1,0,0,1,1,0,1,1,0,1,1,0,1,1,1,1,0,0,1,1,1,0,4,0,1
217634,"Body, Some",,23.5%,0,0,0,0,1,0,1,0,0,1,0,0,0,0,0,0,0,1,0,1,0,1,1,0,1
842172,"Else, Somebody",,64.7%,1,0,1,1,1,0,1,0,1,0,0,1,1,0,0,0,1,1,0,1,0,0,4,4,3
571720,"Atall, Nobody",,44.1%,1,1,1,1,0,1,0,1,0,0,1,1,0,0,1,0,0,0,1,1,0,0,1,2,1
288776,"Body, Some",,44.1%,0,1,0,1,1,1,0,1,1,0,0,1,1,0,1,0,0,0,0,1,0,0,0,1,4
455814,"Else, Somebody",,32.4%,0,1,1,0,1,0,0,0,0,0,0,1,0,0,1,1,1,0,1,0,0,1,1,1,0
256856,"Atall, Nobody",,52.9%,0,0,1,1,1,1,0,0,1,1,0,1,1,0,1,0,1,0,1,1,1,0,3,0,2
654498,"Body, Some",,47.1%,0,0,0,1,1,1,1,1,0,0,0,1,0,1,0,0,0,0,0,1,1,1,3,1,2
338737,"Else, Somebody",,41.2%,0,0,0,1,0,1,1,0,0,0,0,1,1,1,0,1,0,0,0,1,0,1,2,2,1
773313,"Atall, Nobody",,47.1%,0,1,0,1,1,0,1,0,1,1,0,1,0,1,0,1,1,0,1,1,1,0,1,0,2
177473,"Body, Some",,55.9%,0,1,1,1,1,1,0,1,1,0,1,1,1,1,1,1,1,1,0,0,0,0,1,2,1
109412,"Else, Somebody",,35.3%,0,1,1,0,1,1,0,1,0,1,0,1,1,0,0,0,0,1,0,1,0,0,0,1,1
839111,"Atall, Nobody",,47.1%,1,1,1,0,1,0,1,1,1,1,0,1,1,1,1,0,0,0,1,0,1,0,0,1,1
191280,"Body, Some",,52.9%,1,0,1,0,0,0,0,1,0,1,0,1,1,1,0,1,0,0,1,1,1,1,2,3,1
565259,"Else, Somebody",,50.0%,0,1,0,1,1,0,0,1,1,0,0,0,1,0,0,1,1,0,0,1,1,1,3,1,2
582441,"Atall, Nobody",,64.7%,1,1,0,1,1,1,1,0,1,1,1,1,0,0,1,0,1,0,0,1,0,0,3,2,4
638714,"Body, Some",,47.1%,0,0,1,0,1,0,0,1,1,1,0,0,0,0,1,0,1,0,0,0,0,0,3,3,3
635900,"Else, Somebody",,32.4%,0,1,0,0,0,0,0,1,0,0,1,0,0,0,1,0,0,1,0,1,1,0,2,2,0
637087,"Atall, Nobody",,55.9%,1,1,0,1,0,0,1,1,0,0,0,1,0,0,0,0,1,0,1,1,1,0,3,3,3
634765,"Body, Some",,55.9%,1,1,0,1,1,0,0,1,0,1,1,0,1,0,1,1,0,1,0,1,1,0,3,1,2
939468,"Else, Somebody",,55.9%,1,1,1,1,1,0,0,1,1,0,1,1,1,1,0,0,1,0,0,1,0,0,2,1,3
288626,"Atall, Nobody",,55.9%,0,1,0,1,1,1,1,1,0,1,1,1,1,1,0,0,1,1,0,0,1,1,1,1,2
133720,"Body, Some",,52.9%,0,0,1,1,0,0,0,0,0,1,1,1,1,1,0,0,1,1,0,1,1,1,3,1,2
865322,"Else, Somebody",,52.9%,1,0,0,0,1,1,1,0,0,1,0,0,0,0,1,0,1,1,1,0,0,0,3,3,3
308797,"Atall, Nobody",,35.3%,0,0,1,0,0,0,1,1,1,1,1,0,0,0,0,1,0,1,0,0,0,1,1,1,1
323371,"Body, Some",,55.9%,0,0,1,0,1,1,1,0,1,0,0,1,1,1,1,0,1,1,0,1,1,0,2,2,2
738414,"Else, Somebody",,64.7%,1,0,1,1,0,1,1,1,1,1,1,1,0,1,1,0,0,0,0,1,1,1,1,3,3
656869,"Atall, Nobody",,47.1%,1,0,1,1,1,0,0,0,0,0,0,0,1,1,1,1,1,0,1,1,0,0,1,1,3
414397,"Body, Some",,52.9%,1,0,1,1,1,1,1,1,1,1,1,0,1,0,0,1,1,1,0,1,1,0,2,0,0
174045,"Else, Somebody",,50.0%,1,1,0,0,0,0,1,0,1,1,1,1,0,1,0,0,0,1,1,1,0,1,3,0,2
883059,"Atall, Nobody",,50.0%,1,0,1,1,1,0,1,0,0,0,0,1,1,1,1,0,0,0,0,0,1,0,3,3,1
819948,"Body, Some",,67.6%,1,0,0,1,1,1,1,0,0,1,1,1,1,1,0,0,1,0,0,1,0,1,3,4,3
860453,"Else, Somebody",,52.9%,0,1,0,1,0,1,1,0,1,0,1,0,1,0,1,1,0,1,1,1,0,0,3,3,0
900886,"Atall, Nobody",,50.0%,0,1,1,0,1,0,0,0,1,0,1,1,0,1,0,0,1,1,1,1,1,0,2,2,1
666438,"Body, Some",,41.2%,1,1,0,0,0,1,1,1,0,1,0,0,0,1,0,0,1,0,0,1,0,1,0,4,0
499833,"Else, Somebody",,61.8%,1,0,0,0,1,0,0,0,1,1,1,1,1,1,1,1,1,1,0,0,0,1,3,2,3
322502,"Atall, Nobody",,35.3%,0,0,1,0,0,0,0,1,0,0,1,0,1,0,0,0,0,1,1,1,0,1,3,1,0
875103,"Body, Some",,32.4%,1,0,0,0,0,1,1,0,0,0,0,1,1,0,1,0,0,0,0,0,0,0,3,2,0
999672,"Else, Somebody",,55.9%,1,1,1,1,0,0,1,1,1,0,0,1,0,0,0,1,0,0,1,1,1,1,2,1,3
213294,"Atall, Nobody",,50.0%,1,1,1,1,1,0,1,0,1,0,0,0,0,0,1,0,1,1,0,0,0,0,0,4,3
568949,"Body, Some",,41.2%,1,1,0,1,0,1,0,0,0,0,0,1,0,1,0,1,1,0,0,0,1,0,2,1,2
365538,"Else, Somebody",,35.3%,0,1,1,1,1,0,0,0,0,1,0,1,0,0,1,0,1,0,0,0,0,0,2,0,2
932162,"Atall, Nobody",,47.1%,0,1,1,0,1,1,0,0,1,0,0,1,0,0,1,1,0,1,1,1,0,1,1,1,2
311689,"Body, Some",,44.1%,1,0,1,1,0,0,0,1,1,0,1,0,0,0,1,1,0,1,0,0,0,0,1,2,3
811022,"Else, Somebody",,67.6%,0,1,1,1,1,0,1,1,1,1,1,1,1,0,0,0,0,1,0,1,1,1,4,0,4
657282,"Atall, Nobody",,41.2%,1,1,1,0,1,0,1,1,1,0,0,0,0,1,1,0,0,0,1,1,0,0,2,1,0
827501,"Body, Some",,44.1%,0,0,0,0,1,1,1,1,1,0,0,1,1,0,1,1,1,1,1,0,0,0,1,1,1
242015,"Else, Somebody",,41.2%,0,1,0,1,0,1,0,1,0,0,0,0,0,1,0,0,0,0,1,1,0,1,1,3,2
987867,"Atall, Nobody",,67.6%,1,0,1,0,0,1,1,1,1,0,0,0,1,1,0,1,1,1,1,0,1,1,3,2,4
569665,"Body, Some",,47.1%,1,1,1,0,0,1,1,1,0,1,1,1,0,0,1,0,1,0,0,0,1,0,1,0,3
667206,"Else, Somebody",,55.9%,0,1,1,1,0,1,0,0,0,0,0,1,1,1,1,0,0,1,0,1,1,0,2,3,3
741473,"Atall, Nobody",,47.1%,1,1,1,1,1,0,1,0,0,0,0,1,0,0,0,0,1,0,0,0,0,0,4,1,3
122203,"Body, Some",,55.9%,1,0,1,1,0,1,1,1,1,1,1,1,0,1,0,0,1,0,1,0,0,1,2,2,1
372413,"Else, Somebody",,67.6%,0,1,1,1,1,0,0,1,1,1,1,1,1,1,1,1,1,1,0,0,1,1,3,2,1
255009,"Atall, Nobody",,55.9%,1,1,1,0,1,0,1,1,0,0,0,1,0,1,0,0,0,1,0,0,0,0,3,4,3
345275,"Body, Some",,29.4%,0,0,0,0,0,1,0,1,1,0,0,0,0,1,0,0,0,0,1,1,1,0,1,2,0
455915,"Else, Somebody",,47.1%,1,0,0,0,1,1,0,1,0,0,1,1,0,0,0,0,0,1,1,1,1,1,0,1,4
675472,"Atall, Nobody",,52.9%,0,1,0,1,1,1,0,1,1,0,1,0,1,0,1,1,0,1,1,1,0,1,2,0,2
339723,"Body, Some",,44.1%,1,1,1,1,0,0,0,0,1,0,1,0,1,1,0,0,1,0,0,0,1,0,1,3,1
263775,"Else, Somebody",,52.9%,0,1,0,1,0,1,1,0,1,0,1,0,1,0,1,1,1,0,1,1,0,1,3,0,2
714154,"Atall, Nobody",,55.9%,1,0,1,0,1,1,1,1,1,0,1,1,1,0,1,1,0,1,1,0,0,1,3,1,0
997638,"Body, Some",,58.8%,1,1,0,0,0,1,0,0,1,1,0,1,1,0,1,0,1,0,0,1,1,0,3,2,4
456014,"Else, Somebody",,52.9%,1,0,0,0,1,0,1,0,0,0,0,1,1,0,0,1,1,1,1,0,1,1,1,3,3
238156,"Atall, Nobody",,52.9%,0,0,1,0,1,1,0,0,0,0,1,1,0,0,1,0,1,1,0,0,1,1,2,4,2
295959,"Body, Some",,52.9%,0,0,0,0,1,0,0,1,1,1,1,1,1,1,0,1,0,1,0,0,0,0,2,4,2
845162,"Else, Somebody",,52.9%,0,1,0,1,1,0,1,0,1,1,0,1,1,0,0,0,1,1,1,0,1,0,2,1,3
813162,"Atall, Nobody",,35.3%,1,0,0,1,1,0,0,0,0,1,1,0,1,0,0,0,0,0,1,1,0,0,3,0,1
276038,"Body, Some",,52.9%,0,0,1,1,1,0,0,1,1,1,1,0,0,1,1,0,1,0,1,1,0,0,2,3,1
253341,"Else, Somebody",,47.1%,1,0,1,0,0,0,0,0,1,1,1,0,0,0,1,1,0,1,1,1,0,0,2,3,1
253385,"Atall, Nobody",,47.1%,0,0,0,0,0,0,1,0,1,1,1,0,0,0,1,1,0,0,0,1,0,0,4,1,4
140323,"Body, Some",,47.1%,1,1,0,1,0,1,0,0,1,0,0,0,1,0,0,1,1,0,1,1,1,1,3,1,0
796675,"Else, Somebody",,47.1%,1,1,1,1,0,1,1,0,0,1,1,0,0,0,0,1,0,0,0,0,0,1,4,1,1
161290,"Atall, Nobody",,52.9%,1,1,0,0,1,0,1,0,0,1,1,1,1,1,0,1,0,0,1,0,0,0,2,3,2
826638,"Body, Some",,47.1%,1,0,1,0,0,1,1,1,0,1,1,0,0,1,0,1,0,1,0,1,0,1,3,0,1
909016,"Else, Somebody",,47.1%,0,1,0,1,0,0,1,1,1,0,0,0,0,0,0,1,0,1,0,1,0,1,3,2,2
649874,"Atall, Nobody",,55.9%,0,0,1,1,1,0,0,1,0,0,0,1,0,1,1,1,1,0,1,0,1,1,2,2,3
551230,"Body, Some",,41.2%,0,0,0,1,0,1,0,0,0,0,1,1,0,0,0,1,1,0,1,1,0,0,3,1,2
849044,"Else, Somebody",,58.8%,1,1,0,0,1,1,1,0,0,1,1,0,0,0,1,1,1,0,0,1,1,0,3,4,1
507149,"Atall, Nobody",,47.1%,0,1,1,1,1,0,0,1,1,1,1,0,1,0,1,0,1,0,1,1,0,0,0,2,1
702303,"Body, Some",,58.8%,1,0,0,0,0,1,0,0,1,1,1,0,1,1,0,1,1,1,1,1,1,0,2,2,3
938428,"Else, Somebody",,58.8%,1,0,0,1,0,1,0,1,1,1,1,1,1,0,0,1,0,0,1,0,1,1,3,4,0
755479,"Atall, Nobody",,38.2%,0,1,0,1,1,1,0,0,0,1,1,0,0,0,0,1,0,1,1,0,0,1,1,1,1
575007,"Body, Some",,32.4%,0,0,1,0,1,0,0,1,0,1,0,0,1,0,0,0,1,0,0,0,1,0,2,0,2
120363,"Else, Somebody",,50.0%,1,1,1,1,0,1,0,1,1,1,1,0,0,1,0,0,0,0,1,0,1,0,2,2,1
888641,"Atall, Nobody",,44.1%,1,0,1,0,1,1,0,1,1,0,0,0,0,1,0,1,1,0,0,0,0,0,1,4,1
144871,"Body, Some",,55.9%,1,1,1,1,0,0,0,0,0,0,1,1,0,1,0,0,1,0,0,1,1,1,1,4,3
885666,"Else, Somebody",,61.8%,1,1,1,1,1,1,1,0,1,1,0,1,1,1,1,1,0,0,0,1,0,1,2,2,1
411754,"Atall, Nobody",,50.0%,0,1,0,1,0,1,0,1,1,0,0,0,1,0,1,0,1,1,0,1,0,1,2,1,3
325778,"Body, Some",,47.1%,1,0,0,0,0,1,1,0,0,1,1,1,0,1,0,1,1,0,0,0,1,0,1,4,1
566149,"Else, Somebody",,55.9%,1,1,1,1,1,0,0,0,1,0,0,0,1,1,0,0,0,1,1,0,0,1,3,3,2
437234,"Atall, Nobody",,50.0%,1,1,1,0,0,1,0,1,0,1,0,1,1,1,1,0,1,0,1,1,0,0,1,0,3
607826,"Body, Some",,52.9%,0,0,1,1,1,0,0,1,1,1,1,1,0,0,1,0,0,1,0,1,1,0,2,4,0
390900,"Else, Somebody",,50.0%,0,1,0,0,1,1,0,0,0,1,1,1,1,0,1,0,1,0,0,0,0,0,2,4,2
244322,"Atall, Nobody",,76.5%,1,0,1,1,1,1,0,1,1,1,1,1,1,0,1,1,0,1,0,0,1,1,3,4,3
244867,"Body, Some",,58.8%,1,1,1,1,1,1,1,0,0,0,0,1,0,1,0,0,1,1,0,1,0,1,3,3,1
819215,"Else, Somebody",,58.8%,1,0,0,0,0,1,0,0,1,0,1,0,1,0,0,1,1,1,1,1,1,1,1,3,4
982727,"Atall, Nobody",,41.2%,0,0,0,0,1,1,1,0,0,0,0,1,0,0,0,0,0,1,0,0,1,0,4,1,3
401831,"Body, Some",,50.0%,0,1,0,1,1,0,1,1,1,0,1,1,0,1,1,1,0,1,1,0,0,0,0,3,1
423110,"Else, Somebody",,50.0%,0,1,1,0,1,1,1,0,0,1,1,0,0,0,1,0,1,0,1,1,1,1,1,1,2
345820,"Atall, Nobody",,61.8%,0,0,1,0,0,1,1,0,1,1,0,1,1,1,1,1,0,0,0,1,0,1,3,2,4
671307,"Body, Some",,55.9%,0,1,1,1,1,1,1,1,0,1,1,1,1,0,1,1,0,0,0,1,1,0,0,3,1
524560,"Else, Somebody",,50.0%,0,0,1,0,0,1,1,1,1,0,1,1,0,1,1,0,0,1,0,0,1,0,3,3,0
503562,"Atall, Nobody",,35.3%,0,1,0,0,0,0,1,0,0,0,0,1,0,1,0,1,0,1,1,1,0,0,1,0,3
310045,"Body, Some",,61.8%,1,0,0,1,1,1,1,1,0,0,0,0,1,1,1,1,0,0,1,1,0,1,4,1,3
287619,"Else, Somebody",,41.2%,0,0,1,0,1,0,1,0,1,1,0,0,1,1,1,0,0,0,0,0,0,1,1,1,3
406574,"Atall, Nobody",,47.1%,1,0,1,1,0,0,0,1,0,1,0,1,0,1,0,0,0,1,1,1,0,1,1,3,1
462222,"Body, Some",,52.9%,1,0,0,0,1,1,1,0,0,0,0,0,0,0,1,1,1,0,1,1,0,1,1,3,4
693674,"Else, Somebody",,38.2%,0,0,0,0,1,0,1,0,1,0,1,0,0,0,1,1,0,1,1,0,1,0,1,1,2
735117,"Atall, Nobody",,44.1%,0,1,0,1,1,1,0,0,1,0,0,0,0,1,1,1,0,1,0,0,0,1,3,0,2
286618,"Body, Some",,47.1%,1,0,1,0,0,1,0,1,1,0,1,1,1,0,0,0,0,0,0,0,1,0,1,3,3
743951,"Else, Somebody",,61.8%,1,1,0,0,0,1,0,1,1,1,1,1,1,0,0,1,0,0,1,0,1,0,3,3,3
452013,"Atall, Nobody",,52.9%,1,1,0,0,1,0,1,0,1,0,0,0,0,1,0,1,0,1,1,0,0,1,4,3,1
130432,"Body, Some",,47.1%,1,0,1,1,0,1,1,1,0,0,0,1,0,1,1,1,0,0,0,0,1,0,3,1,1
299140,"Else, Somebody",,58.8%,0,1,1,0,0,1,0,1,1,1,1,1,0,1,1,1,0,1,1,1,0,0,1,2,3
304599,"Atall, Nobody",,61.8%,1,0,0,1,0,1,1,0,0,0,1,1,1,1,1,0,0,0,1,1,1,0,3,3,3
947690,"Body, Some",,41.2%,1,0,1,0,0,0,0,0,0,0,1,1,0,0,0,1,1,0,0,1,1,0,2,2,2
921664,"Else, Somebody",,47.1%,1,0,0,1,1,1,0,0,0,1,1,1,1,0,0,0,0,1,1,1,0,1,1,0,3
161310,"Atall, Nobody",,52.9%,1,1,1,0,1,0,0,1,1,0,1,1,1,0,1,1,0,0,0,0,1,1,3,2,0
835153,"Body, Some",,58.8%,0,0,0,1,0,1,0,1,1,1,1,1,1,0,1,1,0,0,1,1,0,0,2,2,4
618113,"Else, Somebody",,50.0%,0,1,0,1,0,0,0,0,0,0,0,0,1,1,1,0,1,1,1,0,1,1,3,3,1
334885,"Atall, Nobody",,50.0%,1,1,1,0,0,0,0,1,1,1,0,0,0,1,1,1,0,1,0,0,1,0,0,2,4
601945,"Body, Some",,47.1%,0,0,1,1,1,1,0,0,1,0,0,0,1,0,0,0,1,1,1,0,0,0,2,2,3
621839,"Else, Somebody",,52.9%,1,1,0,1,0,0,0,0,1,0,1,0,1,0,1,0,0,1,1,1,0,0,1,4,3
643095,"Atall, Nobody",,50.0%,0,0,1,1,1,0,0,1,0,1,0,1,1,0,0,1,0,0,0,0,1,0,3,2,3
128031,"Body, Some",,55.9%,1,1,0,0,1,1,0,1,1,1,0,0,0,1,0,1,1,0,1,0,1,0,1,3,3
381450,"Else, Somebody",,58.8%,1,0,0,0,1,1,0,1,1,1,1,1,0,0,0,0,1,1,0,1,1,0,0,4,4
930354,"Atall, Nobody",,52.9%,0,0,1,1,1,1,1,0,0,1,0,1,1,1,0,0,0,0,1,0,0,1,3,3,1
643257,"Body, Some",,50.0%,1,1,0,0,0,1,0,0,1,1,1,0,1,1,1,1,0,1,1,1,0,1,0,1,2
396032,"Else, Somebody",,50.0%,1,0,0,0,1,0,1,1,1,0,1,0,0,0,0,0,1,0,0,0,1,1,2,3,3
701119,"Atall, Nobody",,47.1%,0,0,0,0,1,0,1,1,1,0,0,1,0,0,0,0,0,1,0,0,1,1,4,3,1
849433,"Body, Some",,44.1%,0,0,0,1,1,1,0,1,1,0,1,0,0,0,0,0,0,1,0,1,1,1,2,1,2
121278,"Else, Somebody",,44.1%,0,0,0,0,1,1,0,1,0,1,0,0,1,1,0,0,1,0,1,0,1,1,1,1,3
383499,"Atall, Nobody",,38.2%,0,0,1,0,0,1,0,0,0,1,0,0,1,1,0,0,0,0,0,0,1,1,1,2,3
273795,"Body, Some",,50.0%,1,1,0,1,1,0,1,1,1,0,1,0,1,0,1,0,1,0,1,0,0,0,3,2,0
407777,"Else, Somebody",,61.8%,1,0,1,1,1,1,1,1,1,1,0,0,0,0,0,1,1,0,1,0,0,1,3,3,2
333619,"Atall, Nobody",,50.0%,1,1,0,0,0,1,0,1,0,1,0,1,1,0,1,0,0,1,1,0,0,0,3,1,3
140537,"Body, Some",,47.1%,1,1,0,1,0,0,1,0,0,0,1,0,1,0,0,1,0,0,1,1,0,1,4,1,1
827135,"Else, Somebody",,47.1%,0,1,1,0,0,0,1,0,0,1,1,0,1,1,0,1,0,0,0,0,1,1,3,1,2
896598,"Atall, Nobody",,32.4%,1,0,1,1,0,1,0,1,0,0,0,1,0,0,0,0,0,0,0,0,0,1,3,0,1
357664,"Body, Some",,29.4%,0,1,1,1,0,0,0,1,0,1,0,0,0,0,0,0,0,0,0,0,1,0,1,1,2
211533,"Else, Somebody",,29.4%,0,0,0,0,0,1,0,1,0,0,0,1,0,0,1,0,0,0,0,1,0,1,1,0,3
724356,"Atall, Nobody",,52.9%,1,1,1,1,0,1,1,0,0,1,0,0,1,1,1,1,0,0,1,1,1,0,3,1,0
988147,"Body, Some",,61.8%,0,1,1,0,1,1,1,0,0,0,1,0,1,1,0,0,1,1,1,1,1,0,3,1,4
961405,"Else, Somebody",,38.2%,0,0,0,0,1,0,0,1,0,1,1,1,0,0,0,0,0,1,1,0,0,1,3,0,2
669291,"Atall, Nobody",,44.1%,1,0,0,1,1,0,1,0,0,0,1,1,0,0,0,1,0,0,1,1,1,1,2,1,1
307387,"Body, Some",,50.0%,0,0,1,0,0,0,0,1,1,0,1,1,1,1,0,0,1,1,1,1,0,0,2,0,4
354374,"Else, Somebody",,41.2%,1,1,0,0,0,1,0,0,1,0,1,1,0,0,1,0,1,0,1,1,0,0,2,0,2
227744,"Atall, Nobody",,41.2%,0,0,0,0,0,0,1,1,1,1,0,1,0,1,1,0,0,0,0,0,0,0,3,2,2
614695,"Body, Some",,41.2%,0,1,0,1,0,1,0,0,0,0,1,0,0,0,1,1,1,1,1,1,1,0,0,0,3
913003,"Else, Somebody",,38.2%,0,0,0,1,1,0,0,0,0,0,0,1,0,0,0,1,0,0,0,1,1,0,4,3,0
473643,"Atall, Nobody",,52.9%,0,0,1,1,0,0,1,1,1,1,1,1,0,0,1,1,0,0,0,0,1,1,1,4,1
624532,"Body, Some",,44.1%,0,1,0,1,1,0,0,1,0,1,0,1,1,0,0,0,1,1,1,1,0,0,1,1,2
204224,"Else, Somebody",,52.9%,1,1,0,0,1,0,1,0,1,0,1,1,0,1,1,0,1,1,0,1,1,0,1,3,1
125279,"Atall, Nobody",,41.2%,1,0,0,0,0,1,0,0,0,1,0,0,0,1,1,0,1,0,0,0,1,0,2,2,3
154214,"Body, Some",,52.9%,0,1,1,1,0,1,0,0,1,1,0,1,0,0,0,1,0,0,1,1,0,1,3,1,3
216004,"Else, Somebody",,41.2%,1,0,0,0,0,1,0,0,0,0,0,0,0,0,0,0,0,1,1,0,1,1,1,3,4
496569,"Atall, Nobody",,47.1%,0,0,1,1,0,0,0,1,1,0,0,0,0,0,0,1,0,1,1,0,1,1,4,2,1
314055,"Body, Some",,55.9%,0,1,1,0,0,1,1,0,0,1,1,0,1,1,1,1,0,0,0,1,1,1,0,4,2
992804,"Else, Somebody",,47.1%,1,0,0,0,0,0,0,1,1,1,1,0,0,1,0,1,0,1,0,0,0,1,1,2,4
568946,"Atall, Nobody",,47.1%,0,0,1,1,1,1,0,0,0,0,0,0,1,0,1,0,0,0,0,1,1,0,3,4,1
882611,"Body, Some",,50.0%,1,0,1,1,1,1,0,1,0,0,1,1,0,0,0,1,0,1,1,0,1,0,1,1,3
849075,"Else, Somebody",,55.9%,1,1,1,0,0,0,1,0,1,0,1,1,0,1,0,0,1,1,0,0,0,0,2,4,3
712161,"Atall, Nobody",,38.2%,1,1,0,0,0,1,0,1,0,0,0,1,1,0,0,1,0,0,0,1,1,1,0,0,3
301482,"Body, Some",,50.0%,1,0,1,1,1,0,1,0,0,0,0,1,1,1,0,1,0,1,1,1,0,0,3,1,1
484679,"Else, Somebody",,50.0%,0,1,1,1,0,1,0,0,0,1,0,1,0,0,1,0,1,0,0,0,1,1,2,3,2
682942,"Atall, Nobody",,44.1%,1,0,1,1,0,0,0,1,1,1,0,1,1,0,1,1,0,0,0,0,0,1,1,0,3
361977,"Body, Some",,58.8%,1,1,0,1,0,0,1,1,0,0,1,0,1,1,1,0,1,0,0,1,1,1,4,1,2
385910,"Else, Somebody",,32.4%,1,0,0,0,1,0,0,1,1,1,1,0,0,0,0,1,1,0,0,0,0,1,1,0,1
577662,"Atall, Nobody",,58.8%,1,1,0,0,0,0,0,0,0,1,1,1,1,0,1,1,1,1,1,1,1,1,1,3,2
932649,"Body, Some",,50.0%,0,0,1,0,1,1,0,1,1,1,0,0,0,1,1,0,1,1,1,1,1,0,3,0,1
185969,"Else, Somebody",,32.4%,0,0,0,0,1,0,1,0,0,0,0,1,1,0,1,1,0,0,1,0,0,1,0,2,1
348744,"Atall, Nobody",,55.9%,1,1,0,0,1,0,0,1,0,0,0,1,1,0,1,1,0,0,1,1,0,1,2,3,3
713499,"Body, Some",,58.8%,1,0,1,1,0,0,1,0,0,1,1,1,1,0,1,1,0,1,0,1,0,1,1,2,4
441444,"Else, Somebody",,47.1%,0,1,1,0,0,1,0,1,0,1,1,1,1,0,0,1,1,0,1,0,0,0,0,2,3
289333,"Atall, Nobody",,52.9%,0,0,1,1,1,0,0,1,0,1,0,1,1,1,0,0,1,1,0,1,1,1,1,1,3
202400,"Body, Some",,47.1%,0,0,1,0,1,1,1,0,0,0,1,1,1,0,0,1,0,0,0,0,0,0,2,3,3
957238,"Else, Somebody",,50.0%,1,0,1,0,1,1,0,1,0,1,0,1,1,0,1,0,0,0,0,0,0,1,3,3,1
250142,"Atall, Nobody",,47.1%,0,0,0,1,1,1,1,0,1,1,0,1,1,0,0,0,1,0,0,1,0,0,1,3,2
579404,"Body, Some",,61.8%,0,1,1,0,1,1,1,1,0,1,1,1,1,1,0,0,0,0,1,1,1,1,2,3,1
102022,"Else, Somebody",,55.9%,0,0,1,1,0,1,0,1,0,1,1,0,0,1,1,1,1,0,1,0,1,0,3,1,3
388192,"Atall, Nobody",,58.8%,0,0,1,1,0,0,0,0,1,1,1,0,0,0,1,1,0,1,1,1,1,1,3,4,1
973220,"Body, Some",,44.1%,1,0,1,0,1,0,0,1,0,0,0,0,1,0,0,0,0,1,1,1,0,1,4,0,2
608035,"Else, Somebody",,58.8%,0,1,1,0,1,1,1,0,1,1,1,1,1,1,1,1,1,1,1,0,0,1,0,0,3
510431,"Atall, Nobody",,55.9%,1,1,0,0,1,0,1,1,0,1,1,0,1,1,1,0,1,1,0,0,1,0,3,1,2
142337,"Body, Some",,52.9%,0,0,0,1,1,1,1,0,1,0,0,1,0,0,1,1,0,0,0,1,0,1,2,4,2
896363,"Else, Somebody",,35.3%,0,1,0,0,1,0,0,0,0,1,1,0,0,0,0,1,0,0,1,0,1,1,0,4,0
325003,"Atall, Nobody",,55.9%,0,0,1,1,1,0,1,1,1,0,1,0,1,0,0,0,1,1,0,1,0,1,3,2,2
416965,"Body, Some",,52.9%,0,0,1,0,0,0,1,1,1,1,0,0,0,1,1,0,1,0,0,1,1,0,1,3,4
378475,"Else, Somebody",,61.8%,1,1,0,1,1,1,0,1,1,1,0,0,1,0,1,1,1,0,1,1,1,1,4,1,0
666261,"Atall, Nobody",,44.1%,1,1,0,1,1,0,0,1,1,0,0,0,1,0,0,0,1,1,0,1,1,1,1,1,1
486163,"Body, Some",,41.2%,1,1,1,0,0,0,0,0,0,0,1,1,1,1,0,0,0,0,1,1,0,0,1,2,2
886669,"Else, Somebody",,50.0%,0,1,1,1,0,1,0,0,1,1,0,0,1,1,1,1,1,0,1,0,0,1,1,2,1
618963,"Atall, Nobody",,55.9%,1,1,1,0,1,1,0,1,0,0,0,1,0,0,0,1,0,1,1,1,0,1,2,3,2
912758,"Body, Some",,32.4%,0,0,1,1,0,1,0,1,1,1,1,0,0,1,0,0,1,0,1,0,0,1,0,0,0
326678,"Else, Somebody",,58.8%,0,1,1,1,1,1,1,0,0,0,0,1,1,1,1,0,1,1,1,1,0,1,3,1,1
661926,"Atall, Nobody",,47.1%,1,1,1,1,0,1,1,1,1,0,1,0,0,0,0,0,1,0,0,0,0,1,2,2,1
388332,"Body, Some",,47.1%,0,1,1,0,1,1,0,0,1,1,0,0,0,1,0,0,0,1,0,1,1,1,1,3,1
557534,"Else, Somebody",,41.2%,0,1,0,0,1,0,1,1,0,1,0,0,1,0,0,0,1,1,1,0,0,0,1,2,2
416738,"Atall, Nobody",,47.1%,1,0,1,0,1,1,1,1,1,0,0,1,0,1,1,1,0,0,1,0,1,0,1,2,0
328773,"Body, Some",,44.1%,0,1,1,1,0,1,1,0,0,0,0,0,1,0,0,1,1,1,1,1,1,0,2,0,1
120129,"Else, Somebody",,50.0%,1,0,0,0,1,0,1,0,1,1,0,1,1,0,0,1,1,1,1,0,0,0,2,2,2
918811,"Atall, Nobody",,52.9%,1,1,1,0,0,1,1,0,1,0,1,0,0,1,1,0,0,0,0,0,0,1,3,2,3
870696,"Body, Some",,64.7%,0,0,1,1,1,0,0,0,1,1,1,1,0,1,0,1,0,0,1,0,1,0,3,4,4
330299,"Else, Somebody",,64.7%,1,0,1,0,1,0,1,1,1,1,0,1,1,0,0,0,0,0,1,1,1,1,3,3,3
625092,"Atall, Nobody",,50.0%,0,1,0,1,0,1,0,0,1,1,1,1,0,1,1,0,0,0,1,0,1,0,4,1,1
943046,"Body, Some",,52.9%,0,0,1,0,1,0,0,0,1,0,1,0,1,1,1,1,0,1,1,0,1,1,3,2,1
451850,"Else, Somebody",,47.1%,1,1,1,1,1,1,0,1,1,0,0,1,1,0,0,1,1,0,0,0,0,0,1,0,3
768723,"Atall, Nobody",,35.3%,0,0,0,1,1,0,1,0,0,0,0,1,1,1,0,0,0,0,1,1,0,0,0,1,3
422126,"Body, Some",,50.0%,0,0,0,0,1,0,0,1,0,1,0,0,0,1,0,1,1,1,1,1,1,0,2,3,2
719330,"Else, Somebody",,50.0%,0,0,1,0,1,1,0,1,0,1,1,0,1,1,0,1,0,0,0,1,0,1,3,3,0
654565,"Atall, Nobody",,44.1%,1,1,0,0,1,1,1,0,0,1,0,1,0,0,1,0,0,0,1,1,1,0,1,1,2
406277,"Body, Some",,67.6%,1,1,0,1,0,1,0,1,0,1,0,1,1,1,1,0,0,0,0,0,1,1,4,3,4
587819,"Else, Somebody",,35.3%,1,1,1,0,0,1,0,1,0,1,0,1,0,1,1,0,0,1,1,1,0,0,0,0,0
997895,"Atall, Nobody",,58.8%,1,1,0,1,1,0,1,0,0,1,1,0,1,1,0,1,0,1,1,1,0,1,1,2,3
973405,"Body, Some",,44.1%,0,0,1,1,1,0,1,0,1,0,0,0,1,0,0,0,0,1,1,0,0,1,2,1,3
615411,"Else, Somebody",,50.0%,0,1,0,0,1,0,1,1,1,1,1,1,0,0,1,0,1,1,1,0,0,0,2,1,2
849799,"Atall, Nobody",,26.5%,1,0,0,0,1,0,0,0,1,0,0,1,0,0,1,0,1,0,1,1,0,0,1,0,0
448884,"Body, Some",,41.2%,0,0,0,0,0,1,1,0,0,1,0,0,1,0,1,1,0,0,0,1,1,0,2,2,2
482462,"Else, Somebody",,38.2%,1,1,1,0,0,0,0,0,1,0,0,1,0,0,1,1,1,0,0,1,0,0,0,1,3
189666,"Atall, Nobody",,50.0%,1,1,0,1,0,0,1,1,0,1,1,0,0,0,0,1,0,1,0,1,1,0,1,3,2
534067,"Body, Some",,47.1%,0,0,1,0,0,0,1,1,0,0,1,1,1,0,1,0,0,1,0,0,1,1,2,1,3
602166,"Else, Somebody",,52.9%,0,1,0,1,1,1,1,1,0,0,0,1,1,1,0,1,1,0,0,1,0,0,2,3,1
333640,"Atall, Nobody",,55.9%,1,0,1,1,1,0,1,0,1,0,1,0,1,0,1,1,1,0,1,1,1,0,2,3,0
458303,"Body, Some",,55.9%,1,1,1,1,0,0,1,1,1,1,1,0,0,0,1,1,0,0,0,0,1,0,3,2,2
441105,"Else, Somebody",,61.8%,0,0,1,0,0,1,1,1,0,1,1,0,0,0,1,1,1,1,1,1,0,1,4,3,1
885770,"Atall, Nobody",,44.1%,0,1,0,0,0,1,1,0,1,1,0,1,1,1,0,1,0,1,1,0,0,1,2,1,0
234365,"Body, Some",,52.9%,1,0,0,1,0,1,0,1,1,1,0,0,1,1,1,0,0,1,0,1,1,0,2,3,1
497185,"Else, Somebody",,29.4%,0,1,0,1,1,0,0,0,0,0,0,0,1,1,0,1,0,0,0,0,1,0,2,0,1
302297,"Atall, Nobody",,55.9%,1,1,0,0,0,0,0,1,0,1,1,1,1,1,0,1,1,0,0,1,1,0,2,2,3
512388,"Body, Some",,44.1%,0,1,0,1,1,0,0,0,1,0,0,1,1,0,1,1,1,0,1,0,0,1,2,1,1
758571,"Else, Somebody",,44.1%,1,0,1,1,0,0,0,1,0,1,0,1,0,0,1,0,0,0,1,0,0,0,2,3,2
241971,"Atall, Nobody",,35.3%,0,1,0,1,0,0,0,1,1,0,0,1,0,1,0,0,0,1,1,0,0,0,1,3,0
870374,"Body, Some",,50.0%,1,1,0,0,1,0,1,1,1,1,1,1,1,0,1,1,0,1,1,0,0,0,3,0,0
814610,"Else, Somebody",,61.8%,0,1,0,1,0,1,1,1,1,1,0,1,1,1,0,1,0,0,1,0,0,1,3,1,4
813551,"Atall, Nobody",,52.9%,0,0,1,0,1,0,1,0,1,0,1,1,1,0,1,1,1,1,0,0,0,0,2,2,3
720672,"Body, Some",,41.2%,1,1,1,0,0,1,0,0,0,0,1,0,1,0,0,0,1,1,1,0,1,0,1,2,1
618645,"Else, Somebody",,64.7%,0,1,1,1,0,0,1,0,0,0,1,1,0,1,0,1,0,0,1,1,1,1,3,3,4
614257,"Atall, Nobody",,67.6%,1,1,0,1,1,0,1,0,0,0,1,0,1,1,1,0,1,1,1,1,1,0,3,4,2
401312,"Body, Some",,38.2%,1,1,0,0,1,0,1,1,1,0,0,0,0,0,0,1,0,0,0,1,1,0,2,1,1
272831,"Else, Somebody",,55.9%,0,0,0,1,1,1,1,1,1,0,1,1,1,1,1,1,1,0,1,1,0,1,1,1,1
256598,"Atall, Nobody",,38.2%,1,1,1,0,0,0,0,0,1,1,0,0,1,0,0,1,0,1,1,0,1,0,1,1,1
423411,"Body, Some",,52.9%,1,0,0,1,0,1,0,0,1,0,0,0,0,0,0,1,1,0,1,1,0,0,3,3,4
919804,"Else, Somebody",,38.2%,0,1,0,1,1,0,1,1,1,0,0,0,0,1,0,0,0,1,1,0,1,0,3,0,0
189586,"Atall, Nobody",,50.0%,1,0,1,1,1,0,0,0,1,1,0,0,0,0,1,0,0,1,0,0,0,0,2,4,3
280464,"Body, Some",,50.0%,1,1,0,1,1,1,1,0,1,0,0,1,0,0,0,0,1,0,1,0,1,0,3,2,1
808506,"Else, Somebody",,35.3%,0,0,0,0,0,1,0,0,1,0,1,0,1,0,0,1,0,0,0,1,1,0,0,1,4
141790,"Atall, Nobody",,47.1%,1,0,0,0,1,1,0,1,0,0,0,1,1,0,0,0,1,1,1,0,0,0,3,2,2
674975,"Body, Some",,41.2%,1,0,1,0,0,0,0,0,1,1,1,1,1,1,0,0,0,0,0,1,0,1,1,2,1
181459,"Else, Somebody",,58.8%,1,0,0,0,0,0,1,1,1,1,0,1,1,1,1,1,0,1,0,1,0,0,3,2,3
463094,"Atall, Nobody",,50.0%,0,1,1,1,1,1,0,0,1,1,1,0,0,1,0,0,0,1,0,0,0,0,3,1,3
